22,1,3,Nxzshzxgiw 7046180 kjzijtldobfdepg TCOXWAOUGBWVDR
92,6,5,Lhxsbnoixh 5903169 fbdablqpujxugxq BMWMKKYLTFGWYG
89,2,3,Qdjybmgfca 5435963 auddisksjlabshw DYUQPAICTVKORX
68,16,4,Oxpendgsup 9508889 agtsajwpjpslepe KOUEGAKXLHXDQX
84,10,4,Zsfzmutmnx 1346416 nerxzculmiujxka VXSOKNPJLXQMXS
25,10,3,Piobfvfzqq 6961021 jowytcblspozrik GMXEIKLLNQZMKU
39,17,4,Kuzqpshtrl 6991729 spapqowrfqimhvx HTNMLBCLDLQPLL
4,1,3,Kcsfgjpnjx 9181168 fmdgstwxjdiiimj IKJLQDAHZMOEVL
62,6,4,Tvpsdthwtd 8142472 fkskgsxxfsmipdb IYCICJOTBHHYQX
86,2,5,Pkltrggzuh 6971317 hzguargxjlziqdv WPDAXINIZSWZEL
66,12,4,Kzynmebscd 0097696 keeudvrqxqsnatz IGEDDYFQPOAEHK
84,9,5,Udaclrdxol 7218096 fawujlpkquxicbl OKEKQTEJDBYDBJ
65,13,0,
83,1,0,Sontrxylrw 2797609 tcdgbjstoxptjfe NTBYVZPZFGCRMB
56,10,0,
25,12,2,Anhwcawvqw 0844000 yswvxirdbigorjo MQITPKUAFGVWRG
30,6,1,
22,16,1,
31,12,0,Uipzjxlwwf 8799276 ekyhbsqfqnszkmt FYHMENEBLOPRAB
58,18,1,Uibylzszdb 7902403 zbpbhjyjzezdhgu MARELLGAPERGQM
47,17,0,Phxwhoxclj 0495131 hzjijvawxzhkvat FYTDYEMHGIUVYA
52,16,0,Eyzgwbrxwi 6132893 vgwxjndfwbfmiyq THUUVZDVFWCYRV
2,19,1,Jbzgqfohyi 3625866 xdphfgkepzlmkye VDNTBUVEZYFHGS
99,16,4,Lfhaztfsgp 9893097 njrnqjbsidtjzwr DXWXPJGYBUCESY
11,18,4,Nsolshgqos 7965317 ygieacsrmzqfnxj YWRVMMZWTOFVLG
35,2,4,Wfjvijmbfq 0289054 lybwxcxtaixupwq GJYCATFSFONRWP
80,16,0,Brnzpenirk 8541442 gtghoiffdbjkode HKLLFONUMTUQVI
50,15,4,Uymtxzqmfo 6976447 ggszmvywaewvfhp LEHAXYEFHAZBGW
95,2,4,Oxesnkzupe 2848191 ftpimoowgadvvpe EOLLOAIGLKWTET
75,7,4,Qqhhhyyrsx 4421265 dymvnxagjdsemxc MUOQLSLCDVWZNM
47,2,1,
8,20,4,Dakqhlfrfv 4402258 dsoaydnbwtderwa GIZEAZHFIJKZWZ
46,1,0,Noaujtcmxc 3611587 seaxjxdwtktravh VRMYLQLOYQETPU
38,9,2,Khnwzigosc 1254756 jtmgwxakqsisikp THIYRGQRDJQNGN
42,15,0,Pvdnkszbjs 8207031 ohofkcyjzzdtrbp ORDJZTXGXWTAXP
96,4,1,Zgpyvnvapk 5952548 ardwmjcstavkqag MFKDLCLOESHPVR
46,18,1,Qxaacpomii 8326439 fpanbfgrforpomb MERCHVSNGOXTWT
74,16,2,Bxpqxrsuyv 2984641 gnmmnwxrbvdkxgr TUGDGESULEULLL
18,16,2,Iuroibudpt 0638952 qkqgtflliuxmixc VSGKJWNEJSEWPF
74,2,2,Onwdrshpbk 7732642 dgamjghsfxyrdzb UKLDRUBTVHGCYY
66,13,5,Ulapbtpgvi 7803985 thfewyifqinurty MEVYOVQEWHDJKR
36,10,4,Tdgiflwoxi 7021349 hksweaekkdpqkma SJFGUFQSEOSHKJ
32,11,2,Oqaoqwnewz 6710564 etskymbtwdiedzk KESJABEZPHNJMX
8,6,0,Tfwxwvxzha 5369881 ruuhiosyqealmex JESYTBMNCIRHIA
80,18,5,Uxyekjdhwr 9388680 jghxqrckmnphgqu XGDAYSHAOPZDAS
20,14,4,Iotpaxjihv 3919123 tbajfurxtgctneh LHVHJJTIBOPUGV
19,8,5,Ltjigilpom 5145341 resjexpkaclimpq LFNPYKECFDSNKL
26,13,4,Ldfkfqiliv 4145172 zitbepiuqpzsfct UFJIALGVNZYDFC
91,7,0,Hjgpnekhlo 3455715 bbktnkiltmvzxfe UEXMIOQKMDZPYB
77,17,1,Uipgwyowpi 5622764 tmivzmhyxlzzmef DFFHWSGXXCZDQT
5,20,5,Coifkehqik 7125008 teltdhzpirnngma BPIFMLZVLMAYSR
71,8,0,
8,12,4,Qdznutkrpj 5780037 hquisdioragjlxa SWONXPSHHDZIPB
64,7,5,Obkpypenea 6955538 pnfysixflyjaatk FXKQBKQOKFOCQY
25,10,0,Qzrhvmltca 3588872 hyyftasnaeehtao OIBBMQMYXTHWPB
50,20,1,Zeprxcipzz 4068437 ieypknxjvjcvewr KNFMDBUMNBDZGN
91,18,5,Tgcgxjvjsn 3289411 djlrsxgpekpethc NVIYUXROMFDHRL
63,8,3,
84,16,1,Gbcuyyoeic 3405011 glyacrxroonbizm HDVAOYSZYXHTMT
14,1,5,Jfftobkqyp 6081377 xroipgyreiesspl NEOJINULWFFGAL
13,15,2,Zajxdobpji 5254811 pgkrjlfxiwkfuvo ERQIVIBQMJKTTO
26,11,5,Nhepknldkd 7939864 pqxmzdzxshnemlf YPSRBCHMMJUUDC
11,17,2,Slxljxijtm 9653985 yowofqttdhmpqss CKQEREPXJNWPZD
81,19,5,Jhiejszkqf 7132829 rzmzqupjxxhkyti QKRUKEFQVFTDEA
96,20,3,
96,4,5,Rqqggqjtqv 7461317 tetaejdilvvwgbf HONZBJFMBQPDMQ
40,5,4,Loekqwetwd 5210471 cvufgfojvmqfyyl YLQKAUQZSEFTTE
81,17,2,Qecgkziyfs 0411687 rdrfczehovbqgzi NZBKBXPZAYUIRM
27,11,5,Egdcacoezi 5604782 cqzwpbwpriuivqr ZOAYPRWYSFUNRQ
12,5,4,Zfjxtxurlq 6872444 bwmxsohzknhlqqm PTCZIRTDDHBMZH
63,13,2,Zyofjsrmya 9146355 xarqnolbaniuzld PTRLWFUUFNXYST
97,7,1,Waclosjyrr 1380455 garvzgysyilmxmw LGPZLNOFUSYPAP
86,13,2,Elusdjxlge 1680985 gmjeqtjeofbgept YPJDTYEMAEDITK
43,7,3,
72,18,0,Luwbdezkzw 1110000 mttefrgestcsucz MPTMKFOXEPGCTL
13,20,4,Mgwotyietp 7034972 qzoqlgwbolzkzqh FISQAAAHJPEBJM
68,19,0,Jzqchrgydp 0031606 flusvlrcfyzixko QSALHZPOUYARHG
98,12,1,Bpyqpkrztk 1953200 vhkckvxbjpszngb UUQGNEDRSSPUDB
56,19,4,Pxijmktytt 6736679 ogasaeygdtnszyd XCYSEITTGYSHSR
35,2,3,Gwmsmliide 2567467 eymzmcvjaqoahmb JOQJMPMZWAXDGX
4,14,4,Lohfhctxck 7277046 cjnnsalmmstmnjl UXBTINWEEFFSAY
33,6,5,Inqyfueykw 1391841 qpsulrvyxeohrda EOSXLXNYKDTQNB
7,4,1,Bytubufynf 7094451 hzjyrgmnrlouove IQLGDXADIVKBEE
35,1,1,Mwdevzvigo 1270837 awfodqdfecklgfo KVFQDHHIJPHBZZ
90,5,2,Oiowkynvpf 0297412 hgbwcgqoprvcxld VPVZLXQJGSGZMT
6,4,2,Mdlkagejxj 8469615 tmtahmtolhpxfnz FCVUUZEDCIOXDR
86,4,0,Kuxfdpixfs 9361910 bnrdpladbfceptg BKQMTZDHTLWBVU
9,5,2,Mnbckgblbv 4413499 gznbkitkcjdqfnf ZLRNAJFMSCIBFW
56,5,5,Uzqpeqplux 3270979 kstyagvwymxsfte TEDCWQQEDLNZCA
61,9,3,Rzmqevmhny 8186580 tjbszutfgnzzafe PERJUEMQMSJQHL
77,3,3,Nksyvnwenw 8845451 mcsdyoquqgsfyag IOYWFIBYLHUHWM
29,2,0,Fzngaqnpyk 5556363 bamhuybgdyxghip IBGEDDPTMOKPMT
59,13,3,Stcjtgbbdq 2689940 hhoekdbbogpabok FYZBPHJJJLNAPI
79,9,4,Ruftzlggao 0781607 jzasrfgpdumpxoi RSVCLUFMMQMUQE
65,2,5,Pxfyghajkj 8621426 lvgdtrqkjmoetqk XJXOAPYRTCHRGL
92,3,3,Zwrtaerrml 5086012 gnlsinszirupjla LYAGEICAKUCJLJ
67,13,1,
55,12,5,Tzajqrxnnp 7286234 etdvqqoqhiswavs UKZLFBFKFPOJHG
75,9,2,Zbbdclrqez 9980850 tgktoqtcdwgqbqf GIDKOHPEVYXCCT
67,9,5,Icgofhzacn 6099435 gwgsbtbnhsdzibf MFBPATHEUESGHY
59,4,2,Njdsebnvdk 7565892 ersqqbjcdxkqdxo NPRQJSEBGIGOMP
73,7,0,Tkziplnzex 0746807 qohwdqlvzilunse DDAQZVEMDTMVKE
68,13,1,Mbedudxmee 0128009 rtxjxexlzfxszwh YTVBHVRUMCBRFB
67,9,2,
43,19,0,Hzbdhailof 0927399 idjfhqpyvavwpms TPIBBPUJJUURNY
65,8,5,Xljfyjrzdf 3614124 fjmjxdsfcoejanw SRJVRMGVNDXWCU
86,15,5,Hqigmdsrex 4029905 rjbkretejismllc BRGPZKRUHSBHZT
11,12,2,Oyuffbadjy 9536101 lqdkkgqwqfcffdu PBFRFPOTRZYBZQ
6,10,4,Talfwgoopa 6913748 mhyfykxgesrhbkv UPKQLGOHLLDIOI
20,16,4,Gpjnhzspzj 7632119 bueqzwrinhqbacl QTGFPAOGOCENOU
52,19,1,Pqpagogjgv 4157396 oqggzvjjqifiheg VUGKNFRMMFHHLI
6,5,3,
36,15,5,Sfhyybturp 4626007 bobtvziqlmzjzuw RDOYPIXYPOOFKW
48,19,5,Zsjuqgbrrq 0190813 ydeavqspyxxmkyu LNFYXMEDXLGFXP
90,18,1,
1,17,5,Jaklvmehfb 2827592 qdonjifcgzirkzp UFOARQMVYKUVQC
19,17,4,Ciqlyehmxv 3294832 mgysmanhellqsmm DMXKAYIVPUJQYZ
15,1,1,Rbklucuttj 8259517 edetysomzvosztt UWYHIHZVFNPFSL
16,18,2,Tznioaimej 1685240 obqmcjykdwamfvz TSMBMXQLXVRGVN
97,17,4,Ravtglsfxx 5206311 ewuuxmqezemjgiy YIYKMCENONCIFU
83,10,3,Hihdxdmkxu 6766461 frgntxesvoyzhfh WVFJBIBJLJGZPP
17,1,4,Jwrjafenib 0307363 gbtnqzssgtlvnjf MUYOJUZQOUUXLK
68,9,5,Xcduikfihr 6982683 rzsozdkfnfhqwma HFFZYLCISQLXWA
42,15,1,Kzfkasoaru 9801078 vylktwykfqdecms EWPNDCBVTUKHNG
57,9,4,Ohbotxrmky 2866844 ypdadpbctfafptm HMLCVOLDYQIMTO
4,11,1,Bydutwdixd 4577436 zrbsibmtdvqaweu JYNHNEMJRLSXET
9,9,3,Hvkecmknao 0033528 omtvsfddwtpcogv AVQWFOJDPLCIRO
46,7,3,Xkkxuxysqa 8551393 zjkssomeeeyrgqs JGOUARJWSGUKZK
53,9,2,Fbjnxacqcn 4160986 ykmqkozuobqcicz CLGDTIJSYYRSPT
90,20,1,Mahlslpvgf 4418622 bltuvaddaxztyyo MHIDBYFAIPOCUI
9,20,5,Xxamednvjd 4031531 llcvhdxamtmlndb JOEMZGHAMHIGYC
36,13,5,
69,20,5,Smgpofeuva 3514732 wainzunfhkhoeki MTAXNWIJWIREQV
63,15,3,Vvwraswalb 7783462 cnuyuknouktclfj EXMDTYAEEYBKOR
89,7,4,Byyvgxeqik 6373467 vpxibpzsieuwvxo YNFYMHOMWAQPKV
73,18,1,Lkzkzwshre 3973619 ieslsfipgsmesjm EEXSJAMHFQDUSM
85,9,2,Jqfbsizdwo 6996857 sbznbosdtmcmkoe HFZPBYIFAIDBBW
78,15,4,
24,12,5,Eggsbfprce 9679653 akikciabdpwztfe CIDNFDVJUNLJAQ
46,13,3,Qbqritngkx 0923842 qiawjmqzkfotinh BGFSPJSRXAVXKW
83,16,5,Kfscvtmiiy 2430314 fybknspgkbunlfn CQIXRBQEFGRHEQ
48,12,5,Qvuyufhbjh 4849670 gjruvqohzpveneq RZXSTAPLZCCGHA
57,19,2,Sffgebzlcw 2676479 mwuxmjfnckntxye BIGNCIXVGNKXLS
71,1,1,Tayfvquppw 7469177 vhgbwycwsclsqco OONICNYSDTHINO
20,14,3,Rvgaktrodg 4903318 puflayxfmdnbxkm TEATLMXEESOJHW
82,4,5,Lrwapogriw 4430003 wzdrvsrrlaqzvae FXSMIXYEMXBQYV
91,12,5,Bovuvxydjr 4484854 eiszimzwugrtipz KMTMFZERIAPZCB
77,16,2,Adtawtrgoh 1915019 weuumzzvaoaeikb IAWJXSYXGLPDOH
41,4,0,Mibtvtkstc 8645955 oozweuofbaqkezb TMCMLGHPVBTPGS
3,9,1,Bksskhrvpt 6477760 fvhtiujkiacknar JJZBWIDAHXCGZN
87,16,2,Yirdqrsdmu 3672790 ryrzwyyrvudbxau OFWKLEQBUOLMIT
80,19,0,Ugeocxvizk 1394224 vpmvzzjtztvskov JCMCWJUWETTVIT
75,13,0,Tudhabhbgv 4686743 ghxhztzluzjgusu NHDEBYTDATSYXD
94,10,4,Quzdpzyzqj 7481010 rzkfthumrfmhitp ICOAHYXEFQCGGJ
96,15,4,
80,14,5,Ryzhfaixum 0354045 ekmncnaqyqglbrl HNUEYOUYRTRHFM
91,4,3,Ufxqgmgnpc 8483727 ttmfkjnsoceltyj BMFXPZZGZNFZZV
85,16,3,Cohnqtxcuo 8585319 ztgrczyeiivbdon NJQUCXBSITBJBN
99,2,2,Cmdpqozobm 7353365 dqdcevfliphfxpv VEZGDWENANUNXB
86,7,0,Mygykaszgf 4753436 zdznxxdfdxcnjtf HRBRXMLDBPRSXK
50,16,4,Sihpamikgq 7983399 sgpmsyryvxonwtk RHRSCRGMCKRMEW
57,18,5,Xuamprfikv 0275360 htjihnkrljxbdvv CKXCQZCCGSZYAP
15,12,1,
57,19,2,Glmuwjpzko 6356991 bixearaippkewjf EVFBOUTATWVMSG
9,15,1,Yqvqrywyzx 5420421 esuprrdmmrlypwi XTFHJWEGKEAPAI
31,3,4,Mgrwbcachy 7465196 fvsdaabeldjqfbi EVNXFEZIQGBKAX
97,6,4,Dtfzocytug 2923970 eaxlmfpsbzmxfzu WNCRSRMOSSMLHO
99,1,5,
55,20,0,Wafpnjitgc 4020292 xcytuealnmxxict MTXLGEPRGULYBV
96,16,4,Kguynsnaey 4641225 rfcrnythhlfrche WKBUORDWNCIOUA
86,16,0,Oouxzsricx 9920077 symsleefpmfnwtx SWHIYZINVCABER
70,4,3,Ixnpmzvnoe 2753467 xpmppgbvzirkzpd IHGTBDOCYYNUTG
20,10,3,Gaajwuzelo 8898871 iiphdmtkbhnxfch CQZCSUNOKVRARP
6,16,0,Zkthqalfkm 4402483 ohhjbksxperhggc DOXFORYGPGHEAD
68,15,3,Gqukntigpe 7263826 vvixlguqgyentyu SFOCLSCJNKOXTZ
76,17,1,Dmqgptknmx 0587048 hsyivuofskibion NOSUSLXXCRGGZL
90,13,1,Ktzpclfmtr 8295200 jhqsslplxippgqq ASYHHPMHHYGIGZ
96,1,4,
67,12,1,
37,18,4,Bblgmzpdlj 8108113 wyufsbzhzajwpcd VPKSIQDNSHULCX
93,19,5,Msliwsdfiv 7703062 dkmgurpuvazkaoy FYNLSAXJPYATOQ
11,10,0,Nwlhourwmc 6580243 radgcuwoyspfedu NOHSAGEREEKOZT
82,17,5,Izrjzbwntk 9717631 dquerjhghnmkuqk RQTNEJPTZTJAOO
43,20,0,Xgwzhaofqj 2438763 zrmpanejfeuuxan MUKTXVQEPSLNMO
95,9,1,Pvvyuixltf 3130194 bdzpikzbialfsnt WOLROZMANCRYVF
65,17,4,Zrzgljkyqe 2133146 ufzfkqyibfaqbeb DZTCJNOJPRKNDW
34,6,2,Gkxopciisy 2738824 ismzckefufdnsvs QVCXZFZMJDWHYE
41,1,1,Dikxbpfntu 0444409 vknbhusyzkzitis LVHBTZAPIVQSGZ
60,17,1,Hxgzvphjcb 2139866 tdbemctgutwndvx SKQQLUPUXOFMHI
36,6,0,Wwinbiezbs 0571272 bauuhugengqyzxn QORJAIHADQSLKY
44,20,1,Zxrciwkjzr 7518338 gmsxhtwonoawmpq UZBDMWASPNPJJX
90,1,3,Phkbtzeqwf 5263261 hwqjcixxclbbded XRRFDVNACQQPAT
30,4,1,Gfqtiklevq 1113231 oarwoacwwpnkkob GKWHXTUEMXFROV
65,17,5,Gyhitjpexd 7541259 vdnhzvzkpjmijoc JDCKYWCSHMSQOJ
42,9,4,Vgutpamovc 1349226 jpzqcxvcpcttwfu KJOBAGPBGNELYU
29,9,5,
12,19,3,Yhijknjprb 9844464 alxvngzlouvuwvb EHHSPWYIIMOZWX
25,16,1,
4,8,4,
78,3,2,Bhzuylbuto 6809083 mwwkxhslkjmkkke QVYIFPMJJHZGOT
8,8,3,Eykxnekqtb 6006412 uxqcakkgsnkobpo AZSZQMDNUFRFGK
90,6,5,Uzhmyxgaya 1307134 omadytjavanughk IGJYDSTQASNSWV
79,9,0,Ozchszbbyk 3763182 wnathpnkqjqjekg RIYMDWKQEPVGUM
43,15,0,Iccpuwjqjy 3191444 avduaipiyzgvpeg DHOPYPUJAGHGYJ
70,15,5,
20,15,2,Rqzrvpiqfv 6270016 ybkyfxlmjgizchi HUSKMCQGUSPBCK
43,19,5,
42,12,5,Fvakzvgpwc 4483667 hgkysyqvbkgqord ESWQMHMZWLJMPI
54,14,1,Riqwynpgig 6748085 hkmgflinhhjmhmd QVXERKXEGMEBSS
57,14,2,Gsuodaijih 4069053 zxqmfbvojqdreea QPMYLWSUAYSBJV
46,9,5,Kafuxexzev 5076000 xgvmgawqqrqbrju FYJVNDWIDPBMDL
35,15,3,
93,4,3,Kqdbuhwdcr 9106440 frxztbkxjnxphmn USGPRMWXCGLEDW
94,14,3,Lxpihsneeh 1054820 togcobojvviqafh FPKFYBSLKVMFXJ
24,20,3,Vabqwmceic 6592530 cpeqbevrjymiapn FXLWSCCOVCHHRI
19,2,4,
43,8,3,Upiukufqfk 4220021 kelwlsnbrqpthfl NACKGHXJKKCKRY
7,4,3,Abauvpkoxg 8690924 ctbuycwdlbycaeu HDRZJGQDACPIRA
54,8,4,Anwpjsnhut 1511595 wwwzgjmteryszeq GCYYHZRCFEEHSK
83,8,0,Ajxjpbhhdf 0029732 ifjcwwwhauewmmg KDCRYENMITECBO
49,1,5,Equxxxmucz 0803609 tfkoqlhspupvdlj LPBQFAKGSFIBHT
56,2,1,Vfkokiljof 1979559 uqobmycxahttojl FXROQMTQNDICVK
83,1,0,Pmbxfgbakv 7351144 esmyyaybwkyikps WJKIEBHPOIYAVN
69,19,3,Jplccohfbc 3576381 ujjmkmynhqmkyxa EOZZXZQAVVFOZG
68,10,4,Fvjkpuautt 1640992 hsaecveowfffddl DQKTZRRRYTZBTC
8,20,1,Qldcsvjnkx 0656784 frbsmktqkjongpj JCXTPLGEJPHDQB
86,11,2,Qczfzxcpvk 7531948 okwbwumijmuutdp RYOSTTFGVMZOWD
8,6,3,Ugdmaotuyg 4402658 xumobiayhcfhyeo MMEBMTNSYTICNB
22,10,2,
86,6,0,
62,10,4,Gpecsfioev 9077239 vvonygrmzgygmiy HQMNYWREHJHZKQ
33,5,0,Innqvevsrq 9092449 uqfladmmgmgalwn GKVQAOEMGOFUCE
75,11,1,Vmoyqbaebp 7450273 tpvemieayicyeln AVDBGHXQUEOUDR
88,18,3,Fzgevgzdsn 5721571 dsftwwympypkduw ODKWIPYOAYMVWR
55,4,2,Fuvufgimde 2870918 wkenqthyaszufeu LOZSPBGKISFMVZ
36,11,4,Szrupugayu 6980667 veojnilfvgwhitw FTUBMJBSQYSBHZ
88,6,1,Brlgxanbbk 5082325 bsbqsrxlkqfrmyc PIOMDUMIGPQQQL
56,2,1,Kkxpoocpod 0700238 amujtuiumgizgnv KRHJDUFTXIREFI
7,4,3,
59,14,2,Cxaqbhktkk 2392756 iwkushtvocfuaaz EYMMDQVKABPBMJ
38,11,4,Cdbrmhhgwn 8029666 nqglgovbjxvtmrl CLBGHSLBCWSHYG
38,12,1,Kwgkluojcg 8971217 zeubzemosedwdsw NLBWUANJLDNISN
20,13,3,Yvumfzudyr 9062366 lvoufydoohsodyl NEQFKZYPTVQCQM
40,2,1,Culyoeipvp 4484837 byjgkwokfyozweu JLRGSPZITXNPHA
55,10,3,Abnhimmpbd 7367149 ekkddgidflptfss ZNBMQCSHDFDXJO
55,18,4,Snccykoyel 3354781 dgibjizbejktipj NQQYXVLBBRLWIW
18,3,1,Pwavfaamkn 9740316 zbajgnwdggurinb IWBVTEREVRPPWZ
92,1,0,Xbijrifcxh 2738553 nflhovbslsjrsxp YIYDWIJFPQZVOM
69,16,5,Omfasnsigi 0185826 tpopjolkyjendsz JDNCJGZYRQKHKD
77,8,0,Dsagafuxga 0344556 yliwyxeegvxpiuc ZYMCPGSZWQUWAQ
50,14,2,Wkpjnzyxfc 7630265 hsmpbntgqlpkthy DCQSYFKASDGGLZ
14,3,1,Qjsjjfhvjy 7268620 wcygexlewecmrua JBFQWPXTBVUUJD
83,9,5,Criesvfezt 0180552 nkastqwaanlvddf SGHVFIOTKDJKUR
9,18,5,Czqqevbaur 6174529 jmdbmyoycfhxpij LBPRAOQLWBPKNX
45,15,2,Whpshlzrqa 4980789 uulrmtpufvokvin WITHFGMPGOWTLZ
29,11,0,
56,8,4,
67,15,0,Bmslbtazbe 8143031 ujrdqgmixcpphgp VGMBYLPZQWYBPT
16,13,5,
54,11,4,Wwqhxmtfra 7430571 sljsdhjpgnenkxo DPVXPRHTMVHIYC
50,4,1,Tvzegdzixw 0120427 hfnhshlivzbswtc LIZWSSQZLIZWSK
47,3,2,Uevtktvtot 6717132 uzenydcizdilgqe LPJCUNKGXELMPW
1,11,4,
88,4,4,Kozeaopmti 2434856 vqltgayzcnorffx WHNOQNVFQQVNDS
95,1,1,Ovtixecdtj 0943672 fajspwvcyhqhstk DGKRVYHAZUZSPU
22,9,0,Vzqkoyizhv 9545402 tjyutspllbluqnw TQVUEDCHCCKCSS
4,7,0,Artsgdnaio 8967997 gwsxludnunvngbc SOWJDRVYHVYKQW
50,1,1,Obdrmwztri 6730779 bccncxqxlsxadfv TKSQJVRJMVFVGB
11,6,1,Lhduyplcyk 2173550 wxchlzgvstdhisg JTDHULKALZHNSJ
91,17,5,Qvvihnnnhg 1495115 cbowrfokclpnlwh ALRVRYRYXBQHUV
83,16,3,Gtvivuvsoo 7869613 qpdyldthxgkjjbi WLFORBLHRPRUHU
58,11,1,Mcebrcqtbo 9177944 dbirebbvjnvjmii AQDLIEMXVJIWJE
74,17,3,Pdloxhoxln 3402861 ghzrmragpdfijkd DVXDXTMVDVACRS
20,5,3,
73,11,5,Yzjnsanjmy 0059704 qicojdwmxmwlijd DYAMLCTTXFNNBU
55,12,1,Bvdkkxdfdq 8868021 gnmcerjujazotro TEACQUBIPTIBGW
50,12,1,
62,10,2,Szqknyqahr 2604771 kfcpawusttehuaz ILGRLLMKWEUFEZ
76,10,5,Fisckzbyzr 7037793 pivcrpmsnwohiux FKMMXMIDSVQSLA
21,10,3,Aaqsaqttfg 7943031 nwaklxvpwaqytge FSDOKQRPIGLYIV
55,10,0,Kgbdawdxmf 8999650 prepamhwfxcviwi OTZAPRHZUBQLTD
78,10,1,
57,4,3,
26,5,2,Mfhsgdwcgi 8047743 qxnoclqatbbtwst RXBAUMRNHGHXSX
19,12,5,Zyncybyxsf 1616337 orddzqpooiwvuhr GVVXCKSFKBZIFC
35,1,3,
27,18,2,Xkjuokyvln 7494478 rvawnloibgrstsx ZHLOJRIBESHTOH
1,7,1,Vqssyjlmkj 3654475 zpzlkvdtzwmuqyh GNOJDWMWUUEMCE
24,4,1,Letbetsbcd 4589533 pyhtrvfvhqoqsbk LMCFSPBLYJPBOQ
56,1,2,Yqdjqmqpgi 8405085 hnubmhobqrgdbwd RFVTICXWNVGEIP
34,19,5,Xveumweogm 0412833 izqnhnybrxnoejo AXTCACRTOQPHAE
50,8,0,Tdhvuqfrdk 4562066 jsbmcroxbfisnho GEGMBTEBNPIIYH
2,7,5,Smrzegjcba 9988258 wojwtqrvahvwoxc BKRZNBLYOWMWME
98,3,0,Poozoztuus 4300327 rtxorrekvslqrwf BYYFHOXDXHQJJZ
64,12,1,Rreltwrkyi 3769550 gkumyhjluthhhga BJCHDQFBLDNCXS
1,13,3,Plocnzzcua 5481767 rpfihhyemymoxcx TTOIZMLRRLQSFW
68,19,1,Dpsyafrryj 8539321 shoawvjgpcqsmrh JVQFDCYFNMWBKQ
87,18,1,Ocmxatkauh 4612327 jlnzmymfatiukka RTKWVHNXMJVRJO
9,2,2,Lcgtthtqof 0581568 qbkaarpbctuajax JZAWUTTRSYZIVJ
64,15,1,Zkkwfciliu 4215060 bwjhiewsgarkmej UWVISUTFGSULMM
43,18,3,Dmilcvtcui 7090140 jzufonnjmrcxqnl TMCAQRDOGAUYGB
70,5,2,Trhabgihje 5531075 mjkccjgwhsvtyoj EQDNVOAYXRZVIS
82,12,1,Nobkeczfsu 6370962 lruupmsapggdmrj YSSHHYPVQCYXHX
42,7,1,Aifarfdkqw 9253595 clwymdgctkwoimp DLQFWGAKSEZACP
65,5,0,Vdwucfwxxz 6884209 kjvbllccsznlksg HUWIEWWWTHDZOC
96,18,2,Fxxvuqtyku 8110244 dlzssebuflgrskq OIASPLTKSEGFLS
28,10,5,Ncfddgfcbg 6627324 zbsrtuubysidggx QJZZCIZHZTFNFC
57,7,3,Sgwlbrzfxu 1911496 wtbdowmzkygfwcp UGPMDZBZOXKAUI
95,11,1,Ojwnhmiobc 5405925 vgbqvpnstoauclu MQRRNWNQFWWCVS
46,18,3,Ionwqurxdz 4562594 diwwvczhmmpbhxx MTEDYKCXAKCKAH
19,1,4,Xzxrwlguqt 0637286 ybfrkzceqtfaovk HATGPCHDIDWLMX
13,8,4,Hnrozqgawk 1460648 nwgqagvpkrwlaoi AMJALGAIXDLSDW
52,2,1,Rkeoljwbyr 6285404 eplmmaytgoeycsm HJTKGNOETUNCSG
67,9,2,
2,11,0,Vvqmxctstg 8004625 nuplusjvypykarb IWHJSZSQNDJDJS
54,6,0,Xwcouoyzlb 2716141 mfmzccpogfoqhon BVHQTPMTKQCTJV
17,7,5,Teaoxwwtcm 3080907 muglkgttjcvimml VTNXLTQCHAEANE
20,4,3,Fzxjbsfxwx 5773734 btralwgrfnzfwuv XRYMFAYRKYGDZQ
52,16,1,Pnsclcmnse 2785228 kbikhdpuwzgedhh LUXVRARWEWQOJF
3,12,3,Zwuayygzhp 1027919 pyohkfpcejqgzrg VBKAYSDITXYWAA
23,1,1,Xbhkcswdek 0581051 jxcumimvmxpksze RVDPXNHGJZRPYF
93,8,0,Tichbwdnjy 7182349 zzpmsdfjlgjovac YQRYGEJCYJUBZB
16,11,3,Vdtrtsonmw 4986936 ewvbmxnzdzqsunr RZYFHNWZLKVGOW
78,11,5,Npigqffnyq 1794812 kwksfgamivqfoqp KQIVUHFXIJVIDG
84,20,3,Dpmzfuesph 3349212 jxmpknwjlmcssqs WVIIFHXFFPOQCA
55,14,3,Ybgisarfsj 8404789 kbnqpxdiyzoujlm TIMSUDHZXHRPQX
99,3,4,
46,9,0,Ewykspnjno 6601928 ydasezsxopgiyls KDHDCEPAZQXMVM
57,5,0,Bxxtrjodeg 3970546 yujcjjajwhzhror DXRVNKOFQARMWP
13,13,0,Lyfmpbkzsn 3789244 bwxojsfcwcyarca UDJQGSRZJIJCWW
86,8,0,Rkyuijnlsw 2999259 kihsgftnokbgtcb KCBTEWOCBRMUBU
20,11,3,Hkcstdualq 7809267 goesinvdxjnzmvb AITMUUKJPLAGJJ
78,10,0,Ccjfpeskrx 0810366 hcgavpxdcytpazs SVSXHBQRWBJPFA
16,13,4,Ciqeasunml 0820605 uvrrbtxxpdfcmku KBVDUKABRWVWJT
61,13,3,Kddbbktutl 1429335 rbnjgwvafieexvi XZWRDSPAAXHBQC
84,13,5,Cjdlejgzwr 7258308 dkuwpcncggqscca OVLIGXNKCFQMIH
99,3,3,Fidhcpjfxn 6903137 vgtxfkdpeihnvfr ANKQPTDTGVXHST
14,2,0,Lmqqgthpin 5759430 fmoatsmqehkmxec GWNVBZZVIJQUWT
42,17,2,Kcelvcidkn 9943399 qfjwvoymftzlcra DVUPJMPGOBIWWU
7,8,0,Vtodnmvavm 3697449 glksbflmmygwbco TKZGSNYEPYUSDY
86,15,2,Qjbphgxxnb 8344980 xankxewxsgstcyt AGNVQNQSVILWLV
74,3,3,Uvcxtoqecb 9882827 pbcmaoeuclgxysn LFZYENGIIXXEOO
67,15,2,Gtjevpresw 8369118 kkxofjscaauwiuu ARSPKCODBONRWW
90,14,5,Basjphwvuz 3714655 srhnajmoalhphvo LYMOAUIMGATPWV
3,7,2,Aijakewnoh 3365127 mbfsxdtuhekikat VYHNXCDKYISGAF
42,18,2,Ascbpxipgy 4606323 mqhkylkhhsmcvyx NUUITMJNFSFDOR
98,12,5,Yaixyxvkyl 4827076 lnifwfhavocadzf IXXKRWAJRXETUI
28,18,5,Duqfzvryfw 7161959 bydaatwhadxdslj XZNHMVFMNVEYAU
35,2,4,Sohnbmzhjn 1243931 wmzvecrxlnylzox BKJXNBKEJAHDNO
27,7,4,Zcrwdnhvna 0863557 swidklvfltqzlgy BSJIWYRCETZEWF
29,2,1,Ruaelcjhtj 1501238 ucdleiyunjeqbyj BIKCPJIVWRWICW
40,17,3,Kmewaunacd 6447798 fwkoeveoudqyood NCCIJCBVJLWVEU
61,5,0,Ltutrildft 5075337 qutbluzuwvnzgpq MQCFZOTRAIOXTX
16,7,0,Aqahoaocyp 5398239 glpzriftdalovyl QMPIRSCIVYPRXU
53,16,0,Evtdbyuwjm 1104640 hztxbqkvrdmjvly DAROWMIULUUOHL
30,1,4,Mcgylaeiue 6536436 kiwmhjfjdhcjtby MOPDUWHHSPCCJN
47,12,5,Rxexuyiatt 4162399 uyedlwbdvqpapty ZKHMGXOPQOUQCL
19,8,4,Sfxjqssmrt 7680911 jumwjzkcqphrkuk AQHKWADRWNEFOF
39,1,5,Hupzoqlfbt 0330390 xhzdfekxdjmizmu WBVNMXLAMCEIXM
18,13,3,Ipslnrwdit 1229109 fcwovgvjhxpojtj HTOIOOLCXGZLRX
38,4,2,Kvcmttkovj 6666002 fujbmzdjizhcpzb RGNWLZMRYWWLTC
21,16,4,Plxykflzph 4887253 ttdnqgezbesrvfk JOLIEGKLJVCKHA
14,14,3,
51,12,0,Qhhmshrzzh 2915528 tgriywzlmodotox NDUKTOAGFAFBLR
79,15,3,Ahoqoxfixp 3030230 hmajvsuhujphmmd NWASVPUCTFOSTY
42,14,5,Ydsopeqdvf 5117956 qfpnuzwjybpzwnm OHMIRFCBKHZMHH
58,1,2,Nejxtekwet 9954522 gbxnaoibbnjdfgf NIGRMUGLQHNTHQ
26,15,4,Picjgphbgn 2568507 rpdyajjjbhobwns KSKFNRDRQHDJCO
17,8,2,Pagsbhhpkr 7539567 cblslyrjseaixix VZHAXDYBFOIFVV
84,12,4,Xoiuckiqel 5138975 waheryfrqtkptmt NCFWJQYURZSCYZ
49,14,2,Luqsquudsk 5401270 dqozaahlapmyomn KFHRCIDFHGPIGQ
85,13,0,Gdjsbwcnwt 6459022 owflkvfigytoaul GGDHQDFABATLKR
81,13,5,Gpwlvbkngw 1247245 jlmgynvisgkgqxl FODAZOLUCAWPMI
13,1,4,Yaykjlrtrw 4149973 aftzdlfgwnvtgle QXJHWWLMOYZRGU
80,17,2,Olmdgwcjan 5034681 eykjhbbmjynrjja IROSNTRYRXNAQM
59,12,1,Acyxypjxox 8003224 azvyfnbriijvhit DWALSBGRXFBCFY
53,1,3,
12,15,4,Aehwgsbdbe 0558217 exdtjesojfncnly WTDAFQQUGDATYE
24,12,0,Ezijespqzb 2765611 ibwfupcqngytwav GELETKNQEYJWNL
33,13,1,Qdcjkgfrew 2545498 gbwekncxthkzchi FWDVAWKIHVBZNR
60,5,2,Bqgkluzfjv 8910890 terbkqlgdeddmnl EGPJAFQIVLJNGL
76,6,0,Ywmgfbblhb 3731278 hfrdqtfglgntojz DZKQZPMNJTZQOR
60,2,4,Gcixhbogsl 5835409 doxpmbqzryeholi GVVUOPWDTDNZTH
100,9,5,Yuoeiyzelx 5492947 usldauinhxpjhfj UOFDXOCAOJDKXZ
79,11,5,Unuuwueate 7986864 wtirduizbvenaju IOGIVBKZVPGWCY
67,17,5,
23,3,1,
36,8,4,Jrbrgfxude 7705496 kpqtamvnkgdvplm MLAMIIZFWGFKYV
88,10,4,Kckfybbwgq 4241919 ireutllxhzbaodz DUHPHNXHGJENBX
34,19,5,Ounxnzlyax 7021651 vrumdrlkaokqsyd DWYCYVNZZJCJZS
74,7,3,Exfuzctkly 8403641 humoaeqlmbbupuj SNGBCEFMEXXQDV
6,10,2,Wlnrnomtvi 9725843 xfsghzgqslyxdwa EMZERVVFTJDXBB
77,4,1,Mfcenqqusf 6681758 uxzduazsvrwmlsk RZDFCGGFTVOMFE
73,19,5,Whhdcsueat 5523586 uvtgxwyqdgcesot CQXVENSBRXYZSJ
24,7,3,Gxsifrqvaf 7050079 hxwumnxvwjtqklk EMYTZEGWKAPZKC
29,11,4,Axqkfdupsz 3920599 zgxgoaretpgdrjx MQPMWZQJZWWPXJ
63,4,4,Vookwrxzse 6708834 ubyywyajrlnzvmy GPCTREWETEJMRM
39,18,4,Ghrblhuhlj 2478193 ltqgblaidlbcwsm TFICIXDCXZLQQU
6,8,3,Oynbbohflq 0535539 xpqqylrkexolvhk FJWPYULJRSWHLF
33,16,2,Anzacptmny 4035022 ijknsjkmkxhxcek VSVVLSSCFIQHYS
13,4,3,Rpakfiifxu 6900810 blvxpaedcdwhvfe OIIIMCRJYXGKQE
15,15,4,Pfiuwptrie 8905424 iohuvjjejmafzjn DDIPKJRVMOBAJY
32,9,5,Hkwytbvfgp 5108959 vniswwgqulbqyfy OFPBLCRRDBSFLC
61,2,4,Kyebowfpfj 1636566 nlkgmtoidetadga WCZLXKKRYWDLGS
65,18,0,Oiimggoafd 3277656 vnwythevswlyknp YXCNBJAMGJNKMS
40,17,1,Icoeccsadl 7174893 zwwlkjwxyvscvja XPAZKKSLCYUYZX
36,16,0,Tlgwatbxqm 9790473 dikldajytbrkdjt EXHFSDDZOWJNYF
73,2,2,Hgpirhydqv 5851842 rwuewhuthowwkrn HHQWGNYEQWAQRQ
35,7,4,Nuytubbnas 1407115 gtjxmulfmghskve VQOSGXIESXMFBH
94,16,4,Zyascncfcu 9753251 wyznscxmvpscxbz YPCMKNAMFDFQFQ
40,14,1,
17,15,3,Aisqifcgwf 0455928 nrhqojpikdbatdo QVDJMHQZTPNMUV
62,17,2,Ncgpxndwrb 0322735 ilyxvgszbaimlvl YAUNRFOLBXQSZE
45,1,3,Vwnmkpodjp 4151999 rrexxzfabaqtgdc IHPGQQNFXJGXHH
13,13,0,Ljtzydrnrt 4812168 gmzeosevdtzrpfb OQUTHLIBMAJXNU
38,4,1,Gshujgniwz 6596022 trdrpxmrcxktlai OMBFXJEYUYGSHD
43,6,4,
90,10,1,Vyitdmxltn 6996484 lusxzlxhxaodtjc PNLFWOZZYRELYD
91,14,2,Ocosymfrkb 7819477 atifllcocyduuay GHTKSIIOLPKXJD
62,11,3,Crvjssxqia 3752172 udvddigqsjosmyt ASNAOHNGLHVJWF
11,3,5,Kcdwvufjvh 0640040 fxdnkdtvoltceba EQSGXZRHTTGFKD
66,10,0,Nmeqbwrpdi 1844368 tvjhcwhbmicwshk LEEQVALNVLGGFW
7,15,5,Qjbcubnlhb 7981085 wedqtzmmcuxhcob YSYZNMTCESVQZZ
100,14,0,
69,2,2,Ixqxaljwyf 8614263 dtttbltimwkfwzc NCFFXIZNCQNRAR
34,14,3,Adydcopjro 1930807 elbdnopspfiqnzj FOHPPGUPEZVUZU
9,5,5,Kuwxffvcox 8646489 ymfhrltncnnhqwr EULOACEDAPRXML
36,3,4,Njseycujwa 4708706 jmfogztbftiaqgl MSQADADOHKAGPW
25,20,5,Peuuuljodd 0837890 ozgmzgwsyvyegat LSSVVZCNGKRHMU
74,8,5,Jkazuztwql 4184785 pdelmbnqlxiojbb MSRVGEXGXTWVSJ
83,3,2,Noqtzxyjlm 7255231 keacwaadittvqui YDYEXPPPZOKXAS
7,20,2,Lwkpcnhwtt 8964923 rwmigsfxejudlfx PEZSUULFMXIJIN
99,18,5,Mwpjrkogmy 7850577 hlzpvtvhkuxlpor YPNJJINYXWZGPP
7,19,0,Kctuvfdttv 8304782 nhhzoyjxyhoqpuh XVGJKGIAYHOKPW
64,18,3,Xzjgtbtyvq 7591572 dmvvckstrgxulrr ZXCGZUEKLZPPJM
79,16,0,Uiqzqyvzca 6273935 liowadgysdgyxsx WHWPPECXXOPVCX
10,15,5,Vmbwhunxvp 9239234 zqkfthqruqfndcv AFLRJZUNGCONKH
20,14,1,Lnsnqewfhh 2164506 natrgmvmkdpisrg QEKGJJORBDLNXE
44,9,1,Lfjsniakqt 8362703 wpdsrbasoibozcf UCQUTADYRXEQOW
27,12,3,Bqvbnypnte 9679587 dtdvdaxzlrtoqoq NWUEDZKGLBABCP
81,18,2,Xrtuxmcnma 7562682 cotffwfhydyagkg QGLPUYHFWJFZQL
64,12,0,Bnimischcr 0162041 whmemejiwlxjlnw UCDENMKIBMCCSI
89,17,2,Mwgvgwptjq 3182706 nnizlxjoxayedqv QXDVOTOEYZOBVB
89,7,4,
82,19,5,Aabivthess 3826819 gkcoxkevhkqpicu RGQRGXSHGQPACE
92,15,5,Ofspnsysma 0829010 ecmtobjjjgbawhx BUURPSBBSQVRKZ
29,9,3,Mjhtywzxrg 2017194 kiupouqmzvauqwq WVJWHVLDNOZIDN
78,3,1,Cauammolnf 6218346 hxybljtstwaphvr IXUMMDICGLEBDC
86,18,4,Sioigfdbtt 5008752 qwtuiaxgwqpmlnv RQWKXDQSIGQYMO
88,7,3,Ugkugqnbjy 6278277 duonyehsptqbasc UXRVHXYVQOUPTP
7,1,3,Xbxedweaug 5189608 ioefdosqzdahluq EWUQOMLFRPXCUB
82,1,3,Ccvjtcsryb 9605893 tohkwtqfxtfxaky NMKCCROKPRBJWD
4,9,3,Wgynszyiek 0794204 lwpksopatubaooe WDETXRNFOWXXDT
60,5,2,
18,20,0,Tzczolvukn 6172513 rbcjpghqafimbqf WCODKEYMIMKSLW
99,6,4,Zttitrupfm 8142644 qouxjqmoegxtioo YKGSMXWBRSPTBB
95,11,1,
49,18,4,Qmiiglkgql 4803645 cwovezmljvwgzfh KJPRNEWMKXVIHP
37,1,2,Wxuejgnqad 0960942 znkwlhbswglhrzf IHMCOQQALLFSMB
80,3,3,
64,13,4,Ddvymbjnsv 7203016 pyzlxjghvwdkybk RWRIAJNUHRZSWP
30,13,0,Gpoafdlahs 5915865 bbujihcjycvstgw ZCUKHTSNUWJBUP
58,12,4,Dphqehkwbf 8685308 oafldqwjoysndoa BLVYIIRYIRBWMU
23,6,4,Lcbpewskeo 8256066 guxqqeenxjflpis HFPTZXXSPBLORJ
44,15,2,Xzmswufgph 3896098 efgrjqwutsclrpf FLIANRBGXGOBAF
40,4,1,Odufmuuxkk 9576498 iajiqpytddfpupr CIQYGPOWSSQTWM
11,10,2,Ahpvmsuuml 3384754 lkwmsqvskcdxfqg LFOKSRIMXBYLEC
48,19,1,
67,12,1,Qnxplrdsea 9843407 zgtjhqxnnwrttoh QJYZPANANMUDKF
75,4,3,Mndspuhazy 6242496 zrssvzupahbucqi IEAGKLOTIKSSAU
13,1,5,Zkvytjkkae 5495442 qgeyoykavilkeak DKNSJTPLERZCIU
92,13,1,Keggwbotfa 4517353 rhsxshgxdgpnkkr FJRXGCPNNFSHJR
38,12,3,Feivfsjaen 4055923 yjmaiaqxgctkymh FZDZKTUANUHSNJ
54,20,1,Oxrngdqklt 8751193 cnlpkeufcpwxqwd PBNFBXQJKDDNWK
19,10,5,Wliyfhazdu 2450461 xxycveizjarguwg IVUOXMXUUDVILE
8,15,1,Hnozsthzqm 0010563 lmpzjurfqojwebg VGTOESURWNHVNV
3,9,0,Fufdfnroyx 6419385 eartpnhazdaneve CTEURTSTPXFIEV
57,1,2,Vrvpocfhwp 1253757 wwwioydnhjlqipq XVGUCLFPUNMDWA
67,12,5,Asvlwawnyj 1444715 vcgdqyrbaqhsvdu HACSUHXHZFMTOG
31,1,0,Hsyfmixzis 8222959 btpjuhmuyiioodh RXFDLMYGLSOCEV
18,6,1,
30,20,5,Vylgclgzil 7417145 liwgtvavuayqaqa UUDJLSCUJGZUOQ
43,10,5,Mtjgbiykbj 6810055 depjoixppmxpvqt OGQPLPIXFSJWKU
77,8,1,Lpnuqzdbdf 7990369 xrshmnhdcvuhmic TCBXTCHYZNBHAT
13,6,0,Mkwwnpubln 5756237 spqbiatjxdvbbnc ONKWSHWCLQXIZS
99,19,5,Jiwqepkzwq 8818487 qbtalotillhwyvr SLWHMEKILRFKJY
48,6,4,Nvcfbiboym 9839424 webegudidwyzhri XJTGQIJXQNXZAD
100,1,5,Qexylovium 0788729 ullgqmalogxrect WISXTDEXVSREIE
51,2,1,Ipvyqlgxix 3425802 tjahtzglxjwblxv UGEGDBFBOJLDRB
38,7,1,Xcrqdfmxpi 3556164 gseufmrgzzgwpxp HGQEMBBCPXTBOV
97,18,5,Chbfkojnzh 6066193 hzzciwrcllgygsq LPAPXOBXNOQHKB
37,2,2,Ykfatxsxjh 2685282 hgtwoxdovfripat AZJPCTZBPFEQRA
34,11,4,Klxvosftui 0064072 hvzrrdngahwldxo AQTUXFTNLQLBLT
90,10,1,Wmmetcougx 8925413 dodsodmlopfmpza BEPRPLHZDTLEDJ
79,2,5,Totdvdsdrn 3392820 ulqmqxkovwuahst QNUDZZKHWRYWQD
57,15,0,Mtgbqrzcor 3015086 efguqvkcyozqrbb NLXASCKSPUYOZW
3,11,0,Kxlswlektj 6159315 axxyyvbituphmkg HYTVTZWYACJOAL
1,8,5,Qawkkwengs 3201505 amqgrtcnyatzmnu LRNLNKNHFIDQBA
42,5,5,Hbalincqrl 5479959 zbmdxfabbjeqmao YMQTYNLQXITMCW
30,10,1,Llfpvmycej 4106954 mpoaeezltuxsxfm FFVUJIKDUKXBWU
64,5,1,Ncfwxwpgep 5680199 imyrxcpexxzbyyz CFTGHDNYFWSVXU
53,2,3,Oouwkssdxe 9276052 hnjommscagxltxn GFRUVSQSJHWLOC
75,14,4,Skrcmwzirh 2559200 pbfetogdpbjjeyk JTQZBXEAFXDCRM
28,18,4,Yowsfwczxv 1926468 iymxlgsfdjnensf LDCWBLOVFTTJST
100,17,1,Rebqaxirpd 9410575 cmfntopuiuqsaqi ANZHHGRVYUMQZM
30,1,1,Ixyrqifvlj 7816464 iwxgdtituathmfp NVBPBGZVUGWVUN
98,15,1,
37,2,3,Xxzcnqeuwa 9063786 xqeznodxtidksnv ZPFGRNUBPOSUGW
37,19,1,Gmtklakmdl 8468408 aztlthpdjihfswq IDPFCYYNPONHQV
96,14,4,
48,9,1,Vmajheaptz 2595724 myikroniollszgu VUZSFUCYATZXTK
30,17,3,Tmcbakuxdg 3769907 kcyjqzukgcbbznh UNNQXCUTAACQRH
58,3,4,
29,19,0,Wxodfwssgk 5582673 rmeaeanppzeiudg ENXBMZFQJEGUXO
53,20,5,Tnejgdqgwt 2256643 ltakosabgiebbji NIWIPAMWIAUOHI
47,16,5,Edkinoyexm 5664052 mzwxfzlyelzthgl QFCPJIMKDCFRDX
8,20,5,Kqzmoiuzrr 5647719 pdjwyxbattolirq IZHNFRFAFNDUCJ
76,17,4,Eifdscevsz 8461724 ztjlosbiknupnea KJBWAMBHFADWSF
9,5,0,Ceyakxjqdt 6617800 ullpjgpcceniqih YGFJEXXWVYVDUE
13,6,4,Hlnlpmpbvq 8864574 cxvgxjpztfbpslm OQMSODVYZHRHPU
14,7,3,Ecxttnuxhh 3333279 rhwmajdqeussnkq EVJBLJBXXGAODM
53,6,5,Fmjwanpugr 3645782 scczvxpessltozw QLUGUUIIFTIEPS
65,10,4,Azqmeecvsk 5718921 ufutzyieejeyqua WHJYPNQGARYIOL
5,15,5,Tlzfbxoosm 8531536 twvddpticddanom NFLGURPMXUSKIT
99,3,2,Fkbrmfztlo 9391727 szhniwjhqinubnb VOJAIJYZXRBMXI
38,11,1,Gsjvfmgpyu 7783794 wtxvmggdwpjoipv KACOXEJMBYCMXV
81,18,1,Svgmlcqglk 7260157 jdzrolabpyhgbhh WVOLMPFLCSLTQB
51,19,3,Zjvrrkwdro 1610119 vzgznyjuphjkplv IYYOHOCMJKFUGZ
37,12,2,Ekqjfuqjem 3831310 gunpgkgbgqblsiq TFZYSLCRDTJSGO
7,9,3,Opvnpkpnbm 8483184 byptnttkxssirpe YDYSPISCKUUWWI
83,7,0,Pmknccxkww 3039484 fbaaofyopkfwiri FQCOCVRFXPJLSW
93,8,3,Ytdutlgplx 0716759 gtxyybjrwwrtqyz AKRXCEMWKSTOLV
83,1,2,Llkxtvsfuv 6469869 cuffhhrdhrhmmck SUIKAAABRJGUNE
7,11,2,Pzqtkuupkh 9202582 nmbqocbksrsgtgd LOIXBNATQFVEUA
38,15,0,
88,2,1,Objwbtgxag 4478794 lufvgfhhuqpfonv ZYGTVZZWOLENMP
45,14,3,Hkjdunczze 9486974 pjesgilemsntfbq ALFLILOFVEAFFG
40,4,3,Cyciiyvlus 0221236 fpyrgjuqkkulenx JVSXYUPMLOZMTO
41,14,1,Fwgfiezelf 8883225 fbnuzhasnenjnza UBYZZTJGGBEJEP
76,20,5,Vqoojidmwk 3333963 aryxcpmivtwbxow KICRYLQAABPTNX
64,17,2,Vuupxbpkyq 6174127 cmbzxvimbinhcys DLGFHANAKDTCIU
12,10,5,Vnfxqncvel 1575712 sxkqzoyxwflwucl ZTFBBPESBVLQNC
90,14,4,Dvkravzoxp 9868552 wmdegowfqidgyvr REJCTQRZHEUYGR
98,2,3,Karxwupvrg 6302515 jjqjewvxqqrdgoq SPPWXMDEMSWJXW
37,5,5,Iypnzkprvy 2200917 msmqaubavqrfjsc SIXUSVLOPULOJT
67,3,5,Dfilikjbgk 1169505 dxlqutatclkwicr KGBGDLGMMYEFGD
37,11,2,Ymenaympqc 1251913 fvcvsjczygjtjxz CHLEJWQBHHQXZO
98,2,3,Mugqxknyov 7219761 pobxsjjnbwkldwe QSISGQXZVFGRMN
70,10,4,Yqphjuvfnf 4885245 yzlbkkcfojcrlmt QOHDCIFCQUPRZC
2,6,2,Eqmotbgkzb 6968111 cwaostlguprushg IAGDCPYSWGQJIN
100,5,1,Zifiupivqj 9742138 jaxvrktzehtsgdw GLCMYXSCDXKEMK
16,3,5,Skejctsycb 1571754 pfblatbkuuoqtge SWECEIXYPVGANZ
58,6,1,Uggralisot 8907531 vxqodzpdknfveyl IDNSLZXJFAHDNO
86,2,1,Zvqtluamno 5086932 xmwbqlsrgveaitu AUEPASQRHCNQZR
82,3,2,Cdvdeuvtnk 4450391 nfjspmgdkwjgliz DDZTTZSRUPMURH
27,4,1,Qfygjtcsew 3732589 tnhfdeouqjndnxc BQHOWVKYKPTSJG
60,4,1,Giugchqhoa 1142525 aubpdiecimojkrs ABMPHRTCWBQAQQ
8,6,3,Uussbdonqb 1205402 fdpxphiadiegdok UFAKHIAJZFLTZM
28,12,5,Alrmvvklnh 5396165 myeeowzhpxoqynh OCOWISXHKODRLE
30,2,5,Uvbsrvgmhl 5175453 aiqhfukvmpwrete ESKSQJJIBXTQSO
80,11,1,Fcpqujfjrt 0396959 qbihirbspklidda PFLPEIOOLEWEBP
37,15,2,Jtvlhxwzoy 7041291 drpkhulnzlighan CAXOSRSMFHXYQZ
40,15,5,Dsdwjtyaps 4524914 opyibsoazeelbmr NTJXJGHJIYELOZ
64,4,1,Knyohozqna 0307756 zvfomwdhbdnhqnc THMHQRDJWZLKVH
92,17,0,Pqlkppazmt 2630144 xtimkjnzbssbkwk LCVSNZXGKLGOVU
99,14,5,Shykyulyol 1519980 uhkblauqcjadyfx QTFLIQLYRMYWMF
11,18,2,Txwqlymhax 0837874 cxnynzqxfyxmeot EIKFQYPVHMLVGS
35,15,3,Kdiyosjkos 1456763 lscoqtabnltytuc RWZSUMSOHBYMBK
55,15,1,Tdtflocnvl 2139385 otruxpqnzecbiew GPMFXLLYFVFQQM
6,2,3,Cazuqkahnq 5231928 bfjxqnzioezrdlz XTQDBEXDXPSVHD
25,19,0,Ahxdedyegq 3655479 khcmamhdrwurlmz BIXCRCBEPQTPBH
88,7,1,Qopdvcerju 5330677 avmrmfrcuisvdln MMGLYFVZVIFAUF
50,2,2,Qmlomrbdue 3745317 wwscooihzppddyn SXOSGNDZCRHLIU
77,15,5,Fzgmlhxnmg 3626780 rhpizjmgrbirgwq HPMQXNOQUOSTFH
26,16,4,Oqlrapbggy 1815328 vveqnfdylvpsrvy CQTDRZZDWOCMQI
55,6,0,Ekfkkvhsus 2359674 cfunyebepqpervf DMXENDUXHTSASC
77,7,0,
3,10,2,
77,18,2,Ogscvaemcs 3841202 hgcltmpcyisecol EXIWIPAOBUSQDH
94,12,4,Ygaqsjgowm 8004675 eodkvxqiijgofzq KERTIAQRLNQHSZ
61,14,4,Frxiuqdcdu 3583636 cfbmtpfifmfmilw TFGSBHSDYZGXGZ
86,15,2,Sgiovnivlj 0161549 ewoujlnghmdbiqi IXDAEVHUHYWZWZ
90,19,0,
92,17,3,Jvtbixgsck 6030325 dwxzuihtsiaqssg UOTVNSHRWLOKJT
86,7,5,Xnstgznvlz 8075567 uulixvzgfnhonse LVHKILIQBQOUPI
19,18,1,Hhegqnbruq 2436594 mqcfcojtaapfiwm EQXONJNXSEOXBZ
92,19,3,Aswscxyqqw 7581676 gtidncprataznke UQNWZQWEISGGQT
86,11,2,Adelgbuyzv 9786458 jssebgbpoeqmzqc VFNBULQFBLYZHW
99,17,0,Ekhovjqaib 3983405 tpdgxeqihqqpsrk JWWOKOVBBGZMLC
18,6,0,Hzsacusmdh 8409284 zsuarmopgpjjzwx EHFCYHCORIWOKJ
51,7,5,Tnywxvvuwo 9770495 fpdkluiqfbcbupv GFEYYGJGOQRXEF
47,1,0,Kqqokfjgyu 3613309 teoeztxdkvdrrzl RVSLFCPMJXXOFH
31,18,3,Hxpzyqtadp 1882336 hsjcdwuhzfucyrd MXREKXRLARLNDE
82,14,2,Lzmcikqqzj 1541956 opmyzkucyrxbtoe IYLEYLMUNSZRNY
88,4,5,Lcohuztjaa 2502543 dfaczspkulhyoxl AOFUQEXDDTDIVJ
96,19,1,Ezghgpjgtj 8622897 qlfibejxnmvvrtq COBRNURIPWYYAI
2,11,2,Exhqezrweg 7775616 wwvriueaonaevss LSABIIODXEFSEO
92,13,4,Yuoekksjao 3557238 xcdxnrupythrcnf BPDPKQFVSGGKAO
42,4,4,Ttaapthtly 9422958 rzxcftmztmdxvwe NLHUQGTDOWWZTA
50,3,2,Aduqtysekn 2695754 puytayxmexxcqhb TWQDNGHXERVKTX
19,7,2,Nginyfzlvz 7528802 bnnvgixtdljzgrt HVOETZHVNVSAJY
32,13,1,Oxzujbujsd 5730514 rknavctstzghlov GRTBATOBUDNIZN
43,6,5,Mmzcyqhjli 5906242 ghbxifvnheqqgta YMUFJCAJAJEDYB
15,19,5,Gcxwkfonku 9484033 mofjrilxqexqrrt YFYSDIDCROOHBD
16,6,0,Qhfujpgops 0802146 jmvahpownnqajkj GURRVTAXWYEYKS
82,10,2,Datlfjutdp 5866229 mtfyzckoqrfikcm CNRFFJYIPFHZPB
66,7,3,
31,14,0,Ylehlstqeo 3158681 kwmymrutaztxsfb UDJYTTZPWPLHDS
54,2,1,
99,19,3,Tcfzjfwibo 0245948 dvtsexuruamhtbr ZWMXYUEFRQUHYW
97,17,5,Hwbtkxclhu 3133317 ywabwevzyyaayes EGIATPSCPCTDPA
78,10,3,
60,1,1,Mufuctuylz 9496419 izpbzshcubxrqqv FHZYBLJOKKNKZT
25,16,1,Qfsufzljuh 9060569 ktdbmgwwebwwmpa ULIHRAYXQRXEUK
74,10,4,Wkqczbphel 1398898 rtfquaurgoguksn ZSCEDGPTWZHJAO
53,4,3,Njudgznfby 9618131 shqkapzpmmtrzjw AIYSUCETWAVNMA
18,1,5,Hxbvgtztzl 4457666 wfxrgymjdnryaom FAHQRDKWMMKEPW
39,20,2,
91,13,3,Xshhxyxxfx 6568556 xpcunqxtryqerlg JPIUONEVFVSNPM
64,5,4,Lquehztrbo 5672558 vneeydvgyewalcl YKWHQWZWDBNDUD
69,18,0,
52,6,2,Kvecbadgud 6101365 dcjfvenkeruuxqt HGWLAKQJCTDWCL
51,2,2,
98,19,2,Jvbcruprzw 8977592 suvrvvcgvcjlzms GIYKVPUEAENLUE
81,13,2,Uculrgewdc 5852678 tzzxrcexdowfkcj ZQECFHQITFQMQB
3,18,3,Yldvzfsgdq 4250397 ajwkfgqyucjofyo GPWROFMZMBOVRJ
16,2,3,Hkhflzgqmr 0394222 juhdwfimmjdvtdb WSMVBXGYCIMDJS
20,16,0,Eiayukuhho 6206208 jkvjyzmkgegqdip ICUNLZWGYRNDFF
3,14,4,Gxvpaxjdzm 4234158 qjgefyqzqyslrnv ISIGYOYLDSIXTK
40,19,2,Vnsvajlixx 2525508 wtcsapjttcpbspl WNVHKZWXPFOXTV
80,15,0,Hkfhuvnzor 6162989 dnqdkzqfngyjith TDHXWACLNSBZIK
51,2,3,Auztehzikp 5516279 funhdnmavwhjooe ACFABDSWYWIJKR
69,8,1,Ltmcpdukvm 3499226 xlhentutdkzkchi RVJJXZRZEJNNMW
98,14,2,Cshgbjwgsp 3585971 ctafisfwonjxozx YWZCMWOUQNJVTX
57,16,1,Ebsevowuiu 5000055 bmxwfgrvpjdjxfo JCPUUYVPXLZTID
99,2,5,Nuizdacwdp 6738737 zkwzlusgxyhdiri ZKMLGRXJNZAXWP
62,20,1,Hcmqhvivdf 9089411 eirtmsanybhthcq PNUIYBXFPAJJXE
7,9,4,Xfevbssikf 8011267 jghqkqyuggamiij EOKHURHMBSSGBH
63,7,1,Zyjnwogsjb 7751428 rznhkgxiilbjyqh GIQLTNAPQQXGRO
99,2,1,Kuizcrswdz 0742958 ebhfskvshsvggja OETDKVCWOIIGOV
72,17,3,Oeyrqtvihc 3647484 jjxjuhrqmkicasw HZABUHSKPZBRLX
78,5,4,Rjtxivfjzr 3875327 fbahxohqdshspyj TUGFGNDSRDEGLB
25,7,5,Esdqhodpwf 6712147 ohvdttvfrbtycjw SNHIUNBUEJZUEZ
85,19,5,Qyipjxlvtz 8997525 exgcltoswdssght YXHZDXCVKCPWJO
93,14,4,Hskxphceex 8711368 ywttysqvmmahwnq CZJEHIOEEDHIVG
68,1,4,Txrxgpnijg 7872417 orwqjzdiktxniiv NVHXSFZNCFRXXS
94,10,5,Vuwxqibcjq 1585951 wedjhgeyanxnxok EERTCUFJFKGWEZ
88,5,4,Yfqfpqccjn 7993210 ceaxysvgsdfzfha HUGLXETCLGUMNQ
68,2,0,Fxmycpjgqn 0629751 ptslyniegkyxfgc KGAQDCGERTJEJN
6,10,3,Vwwidgksgh 3305396 orlmxjajqgejrmz QDEYNIAFNZWNHH
100,7,0,Focfurneeh 5006211 phcswemjybjzvjq DQCYWRKCKUCRUS
84,10,4,Chkwlrhyun 8856684 lmriysqsmlzbwnq TCRXLGMGPSKEHS
11,12,1,Kzpdbsgaod 9855234 kwmbhpvrdrunehw EOXCKAAXLGYXGX
60,17,4,Djvuiukvuf 9453548 jyntutmvedvoobz ECPYHARIMFPMRO
46,19,0,
9,14,4,Lvzqdxftzj 3405623 bpnphdtfwetemgr JLPBZBGHXTCVBR
22,15,4,Irctaekwmo 2077473 aqalnvhfhsnmlep KUIOBGZQPMKRUW
96,7,2,
35,9,5,Cvjjwbtlxt 0655589 rbjmfmmaebygpys CYEKJTTDJMCNGS
68,9,2,Grhghynlke 9558461 gnijqusdsuxbrtz CIVJIFLYZSPXDL
30,8,2,Rdpmwufctn 0428570 kgcfwkseezuxhlh TVIXTPWNCEXBPM
34,8,1,Scehchqegv 2159607 spnludkclreaubx GPHKDIVCXTACME
88,5,3,Ocnwqhpial 9600001 qlnbwshjstdjjkw XTCPWGLAJHEEXN
34,20,1,Earjchphrm 5770009 sexuiixlljtbuqo CNLQPQBTLFZZFT
75,20,1,Fbjejaxnwq 4717588 ntkzzacklkogkmh MMSZZMVUPVJTKP
39,16,3,Ykdprprbuk 2095789 urvjjzrhnaqweeb GDBTCFVXXCQSXV
69,14,3,
32,20,3,Wymbbekwbu 6276089 lgjxppyzkpdapkm VNLCRDYJHHRBXL
92,11,2,Nrpaoxztph 3696000 rhkahnwdtzwlwqf FNICNLWBXIYWUN
55,14,3,Egsrsjcgls 9899827 melfuzpisqxamjt LUECZVQTJSFTWJ
25,20,3,Oilrbearob 4795097 sjeehlbghttlfiy VZPUKUWIKLXTAP
4,7,3,
57,3,0,
57,5,4,
98,7,3,Xptzrijkkq 8862259 nkeekcnkwdvghly FPKKVCJPQMEVTK
9,17,3,Gbznmrzwor 9434204 hgwcuuppfvpteom MTXWRQASFDQQRD
73,5,0,Nximccnubs 6749222 rsgeveuemllyggl BLXWIOFBQJFCJY
46,14,2,Emochrvoxr 8150979 evfghqyssnwqqfb JFYRGQEDGKGBEI
92,13,2,Lwxfdlndcr 5895308 vypejbuhosmpuid POYBEGYHADIQJE
69,12,4,Jklmsbzyuw 5603158 tnijzzmlguktefk LKCWEABDWZPZQN
5,9,0,Rpeuzstmux 9732123 nydplveqdrcsxio VFAEIAXZHBRMZI
43,17,4,Znerfixado 9578830 btrjatdeypbdwqo LRFMBRGSQUWAUP
89,9,0,Fnkgckozzv 2067138 sfornbdbmxanaoq WUZMSCWJVKJGZW
12,10,2,Fgwhebmhof 0697503 rgrrhnxcysxabrk XUBXEZOHMKRLVT
86,16,3,Bvhcewuefj 1080933 rtoygewkruluspx LOKEDPNYGXCBLO
29,16,1,Hpgxwpozlk 6929246 jamijyyrhiretps ESHNSSACPKOYUG
11,12,0,Oscpcvzvjq 8453109 cxaarzybbffapoo HYXRNHWNRADIJL
31,11,0,Xekhblkrgi 4869517 lrpntkwvbsqxnda CVBWAZMUMZMTEW
5,4,4,Oxkpklklbz 7861732 xmxlqkrybidrfja THLZQTWOGJVUMM
13,4,2,Cdbbbthzps 1483310 rtyrfyurxbxtpph VTRAKMOGMTOOII
95,6,1,
31,20,5,Gjdigpthag 7669392 nqodpxpxbdevusq FAKERNEILGKFUM
15,19,0,Gzzdfrywmk 2347530 azjgclnywannijv NOZVCVNGLGRCCK
80,11,2,Vkwhhtlomi 0378303 jmaeyfgqfngygjf OUPCAKYKJSDPYI
85,19,0,Tghchahiaq 0973398 bkrtuhwvvpffajn YNLYLBPKEUJSBP
30,12,4,Rnyytervef 9989057 veqvmwxzzszapht NSFZUNQBIIQALD
62,13,2,Ksjidwqvxs 5135576 tccnauzdnseatyx HXHGCUOTWQNEVX
64,17,4,Pcprmqazpr 4023723 jddgvirxcmmsovx QKDEEXZXISGKGO
6,13,2,Shxlbicztx 3940606 vajruflkecnzway FDWUSTSPYPIYTZ
3,17,2,Zvgiqznhnj 5847278 njduhlhdckbtwbv LNAYHRSDTKRDKJ
49,18,5,Mibawxbahx 2777974 rusfkbxogvwsmjy ZBQCMQSKCLNHSC
85,9,0,Qjfksmlays 3448871 zfcefjxaeifjmfk GCJDWGJHPOEVHY
98,9,4,Mnkgszjlyd 8381261 sqkzzhorermiata WAEBAFVPNYFVLD
80,20,1,Kidgnhysjr 1112968 dcoibwsqgyttlel XLGMLTPZNBUGUO
64,12,5,Yfkpaqdjgq 9698058 dkjwcbsgbseujxh PDVJOTZCVJMCBN
68,9,2,Xpqgrpshlj 4584015 eefholjzuhprmxc RZLFDKQOHRJCTX
16,18,3,Doygzmsxsk 4946698 unlmekaymyyqkux EYMWBMMLKEVVSS
81,8,0,Zcfxcrgiyz 3370008 lpkkuqolopalzhz GBFWLJOCOELGHW
23,14,5,Ayjdxxrplo 3110765 erxjvzebexqjwte WUPTUCXOEEUXXQ
7,3,5,Dupassveli 8091529 zwlsczrgsqcacyd BVTSOEBSHPIQSX
3,7,0,Vtnzyrvpck 3958005 wqwvwjizqxpxfmp CAKEJFQNEIDSSY
22,12,5,Berhsjynhm 7052990 fxyqwsdyhqqkfpa OIRHSLSIYPMIPG
87,10,1,
88,10,0,Djximjhwrq 8953439 cvzjugpqszwxfhi YJNVARHVYKZWQY
9,5,3,Jwtllcwrep 8886796 rrbyomustuvljdh ZOKDZTFDSTUWFG
89,11,1,Rwyailzttj 1708629 ufkpqwupvzunlwd GIRZKPYZYQYDLM
10,20,0,Hgztzofyid 6765597 cjavhryqnqnnxxp GYPFCKWORPGMIY
77,9,5,Pnxztijusz 6199406 cdgwvizmdbmqqex TKHUJBWERTAFVN
57,12,3,Jbshjhtkrw 2496527 vqassbqwhtoxvam MKCBULKMBSPUQE
28,9,3,Veqpmgcwdj 0275027 qjsshybwwdxayab OSERABOHESMADM
5,14,5,Ywriwkmarw 4992892 louzxwtpkdmnjzu VRCDXHCGFGOJIO
98,4,1,
39,4,4,Khbtanacoc 0102897 jklefaixfdsqfwq KDWHRFGVVVUBMM
31,15,0,Xgdizmwblb 0938927 swempkzlrlvzjyb RWPPVNPDHTILBM
86,1,0,Amaohdrqxn 7375271 vsimpcfoqatizlk XXTLJKSQFWZNRJ
90,18,4,Uaviqqswqa 7914478 opifeunkwgfxgqa JVXDIAONJLWMLS
31,17,5,Pmpedhdore 5255558 hmbwgkvfrtnormk PJRMURVXITLOOO
45,16,5,Qpwhavurai 6997447 wznefulxkeojykz GALGCVKEYISZQS
98,7,4,Vdmavjcpae 8680312 vplxjubiqhurtpp GJGVDPYRVJKTLM
12,16,3,Vuumykfbep 7946591 ejnbenmfshjgzvr SVCREHHVFVFMIH
18,9,1,Qvmvweudtb 7088053 vveumkyflbdzdiq PVPHWPADZTVKRV
100,11,1,Bvvzxlbahj 5771619 vscapjjlmhoouvq PTNDIPGWFPUAKN
65,9,5,Xiotwhdohn 7223815 nqakpzmyurusmnr OGZDYAIYACOUDD
73,20,0,Brwrftdzsw 9639808 yqgxlgopblybsbn XLUCGBQSHFFFNB
94,6,4,Nbusjorcau 2604416 olqyycxuobzukor GIFHRQSIZFREWJ
1,20,5,Pkadxzuvsh 0079207 qrwejnmhntgestp IVKINZDKIHLWAB
54,17,0,Ggajmqpdqa 7937677 mrkkrdxctweuvzt LRQONJZLYGDPBQ
23,11,4,
48,1,4,Zbmsrohtwy 3039898 pfksowtppztssvy MBTFLPEYVYRLWD
12,11,2,Lspwhesjuf 6422399 snfjvouiymoaftn FXLMQCDVTTEJRA
39,19,0,Flctsnboqm 8467621 osepceiyazwmmrg UTEDYIIEQMKJXR
78,16,5,Jccwxtsjjy 1077005 afzrmsbdejyaqxa KWKNKAEFKOKRTB
4,6,1,Hkkemqmjkl 2686477 xjpppluskjlepbx CABYTMKPIPGNCP
38,9,2,Mxwanwjzqk 1828484 aewqbxpokuvukrx AXBZOEEPBBDDWK
43,3,3,Ufbofovvnv 4630354 omqnwpvumdsqmzb ZLBPRDHELTQYFL
60,9,1,Sxfrqwdvab 2846796 onvextjbuksttdj WDONNMAKBLUWEE
15,15,1,Qrbofgldov 9677946 aoebynytfvltchq RZLMKBRTRCLMGE
87,8,4,
50,10,2,Xrovbzwwgj 1591233 veijsibhrylezdh JXWEIKMMOFJRRX
45,14,2,Vadfftazem 7444618 gnokaptjmgpubyu BBGOTQDCUOHNYR
1,10,3,Gxvbopnlrr 7221286 zgszcyzjyxrhzei YQXXRHHOCIVRZN
69,9,1,Scakblhhuq 0108497 igzlgwreijypgjp ZGSSOXANPSXZOU
33,14,1,Swilmcofny 2658804 tpebzvqfoqfnbww WSYXWSLYPNXTNI
93,16,1,Ttfenjrlyk 0424084 joedorkrehtqftk AFJVHMXKYOVHYC
88,11,1,Bmxulozkvx 4426408 qtzabtlndgyqbbl KMGOCTZBMSQNSY
19,15,5,Gramoncjwg 1251797 tlzmqeeiydfpcfp MNFYFIXTLEFMDP
52,7,4,Hpxtojvuob 2831432 rjmehocskreqlur QBUMOFGOQRBAPW
18,3,5,Smtwuaypdo 4603302 madxicyoycpmvst EEWCDWRXHSQXOR
26,1,5,Wqbiwwqqtu 9035569 reprzirueyvfgti YKXOCTBSXDAZPV
91,2,1,Awdqjlrjeh 8905576 qeimfaeyxngmgfv IRIBKCFUDXLSDR
62,14,0,Nxuxocvaoq 6381123 guwupkpslaeipjv OWPFEFFFEAAKHG
34,20,4,Livibqtlso 0043187 pttahjugqkewjlu KFJMGDPMIMRYFW
53,20,3,Dcqntzhvca 0155827 chfcffeqgilrqil PGNAFQAVPSIHEM
15,11,4,Ijjdlsnrih 3739044 ewghvnoucuqncop HEABQIMCXAYRFD
54,15,5,Tbwvgycnuj 8072261 mcylqumjxmchqil DZXGRDTUIHTHTD
11,4,2,Znwokqshrb 8336921 nhhmkzdyfnzmoot LWRBHIFIEZVCVQ
39,19,0,Vaqkkmxber 0187646 avjtijlelredyii XCBFQMZFUIPIEE
73,20,3,
20,6,5,Zokopvlini 5676127 gfdthyiaxoztils NEVQEYVKGSMUMO
6,11,3,Svtvftijnh 3205284 ftmktfdflfhtrmm LIHNFVAURISIQY
7,5,1,Ckllguigsy 0952925 krmtodjmksxtgee NJYCMNOBMKIZYX
29,3,5,Zmgufwkrqy 6180010 quovnyonvlvfzth CZAUEELJRIGMMW
15,20,3,Yvywdpuukb 2474905 hjlnfoqkdpopmzc QNVSKZJVEEAETH
22,17,0,Krhcbxrwxv 5203904 buzjkaiemkiobhi IOKKOOKQXAWHWV
21,15,0,Isainuvezc 3900530 puycutdrolumjpl CZNWLHHGEJCFQI
39,1,1,Sywkhramon 3945388 bwyosclkkhcgzwn FPWQKBHUFOCOAD
74,10,2,Lnvknuvyva 3602151 grpbtvebtpmdfyx DHJSODYFRJHITJ
99,1,0,Qdpppouole 0683960 slmktbrebtpsktf ORERBJTEUVGIUA
3,20,0,
8,14,3,Texyxinzkn 4491830 ujnalugitncoeej ULAVGZTIORDMIO
51,8,5,Wtmmoldfbx 2364717 ndohwoitbnierld HNXDUPDEYJJZOS
3,7,2,Nmdhatruuh 2204103 niikavtetjdqili RKTCAALUKEIUSC
93,4,0,Gwlgenijum 7151484 orahtsjhenqtbyq LCNLOQVXNHSHNY
98,12,2,Cvrotskqom 3441647 ladoufyzkbgljcz CDHICHZXWAXRJU
53,16,1,
57,8,4,Ipbbdoepzk 7037341 faajkzrliomypwg HWFLKSCHTUEKMT
15,7,4,Zcgonjqfrx 9114638 rmmltnhgfutwsov HQXKIUJJRIHGRI
19,13,2,Nflqleqbcv 7801636 emfhkjouvqhzytv FOXSRVVBIXNKMN
74,13,1,Wsacplmdnb 3505693 zeaiqitpkoweozz UJHGNLMPURXJTL
40,18,4,Foedfqsede 6635481 wltalimgngkytrz CUFBDCCTOGYNOE
15,9,1,Wlqqlhjhyx 0640652 vgxslhfizyapfau ZYQIRFJQOEVXDT
56,14,2,Pskvybqbzv 8819165 soxapsirzmlgseg AXGWLXGLIDYTFN
57,10,2,
14,10,2,Fbmmrydxur 3753096 szuxgwvzdyzlrgk SVICYNNTVCRBBY
43,2,3,Dyspeekaoq 5651520 rmkqpeyrplahvti KKQAQCSIECWUCE
71,15,4,Pfizzrlcey 8140645 zthkvrnfuucjbop LLGEQPLNWRIPLM
90,8,1,Ranjenbrwo 2306881 wawlmexfgsngqfj NOVNYKUBFRKAXT
83,1,5,Jroplqbhji 8024584 dgpxrkcrcaerlog ACHMUXJMAVYPJB
30,7,4,Hebsxdryok 3592026 awnolsumwxsryay YULSDLJARZKYBQ
9,17,3,Gxpzgygeoz 0451562 suynhabavtavprt LMZEVCXHXMCTBB
85,9,1,Enzgprgojm 7794592 wixkkpsdlxdgtby BYIRZRVQAWCQCB
14,7,4,Lvuiyddpoz 4007117 vhubtrplqfwwbmo YAWDRTQGIZJSTT
15,10,1,Uvvfgavgsi 2630493 wnkzopvbbmrsdex OWQNCTTRIUVZUB
75,3,0,Zinwzzmcng 0557875 kvezxngeendxvet CFHERXEWBDIUNZ
45,17,4,Fbejaqjtgt 9770725 rhkzvcjnxeanuec PDIVMCLUKGXJJS
33,17,1,
89,11,2,Xumsynotql 1639682 yavpvifgjgulbps YZQEKUZTNYCWYU
53,2,3,Yptdlpfach 9145481 fppszzmglbxmcgy GPNSPZDTOMPFCF
13,14,0,Zizeaaaioy 2616103 ksflolxwvjrldja BIYLNHBRHJLGSF
11,7,1,Hrzpciumra 6644267 mgpzyifihglhvto SQUNZLRBKFQHEW
62,3,3,Oopteacwdi 5288246 rhigrkxrpznfflq OWTYJDWZCLCSDG
52,19,0,Gdtcizxnho 5167867 mtjngmjjmswmhht LSQWMEKFRZCTLK
74,15,1,Cilkzdrngz 9300285 bwwgqheeiugitxw PWYCKXHYYYEYRW
55,1,2,Efheaucntz 1095576 tjwngcptuxagztz SKVQLHHBTRTPEQ
11,5,4,
71,17,3,Omcqgqbxtv 0937595 fwmzuyjbahgftun VLPJMFQPRJOHHF
42,19,2,
5,15,1,Rnokwxxmna 1995411 cichcetofupnilr TOOGSDOXVUXAIA
20,11,3,Izhztmieyh 3287387 noaittyegmutoku XATRXUTEMJMYID
17,6,1,Kgysdkmewi 2775230 mlfewdobwamqekn PSMBUOGBEJZWYP
62,8,3,Hkouyqevmz 9524283 onapdjtxxafuiiz LIVPNFBNPYPTDI
1,4,1,Zqtlkpdueb 1592046 sxftgqyhzskpijf RSTBXSQCYDOARL
3,2,1,Jvqapalhhr 3538812 ddvveiforookykw YBGRAYQUGLWPYA
25,2,3,
28,9,1,Gatprhsvzd 7244141 pqieblpdnephlyy YBEODZZBVWBQEW
42,19,5,
99,1,0,
5,18,5,
74,11,4,Cqcmtwnvhc 0758172 sgqmqyubozedsvl YYFQDLFCIBBKIH
18,8,3,Lpmwziitxk 6593968 itofwityhdnyxke YXASSBGWDGNHUQ
62,15,3,Dxkmmpgkem 4425885 zsnzfwcmvyehlmb FHWYVNXJJLOGAM
61,15,4,Sxgpqmvlnx 4857470 wbelhvdjlkaspxa DICKQHBLWLVXKA
38,14,1,Ztncrxlvqp 1063922 dwzuykxgxthnszr TSMPNUCUNUYKWR
14,17,1,Hcajeerogg 3089342 drmkwniiizrfvcx PQWZPWCBLUPLXD
50,4,1,Yzgbzlkopk 9528374 kskyccvldsaordv GOOKTDDOTPCBAQ
60,18,0,
95,2,0,Cgkcusapdq 1621817 syjuymiegwvwcgj IZUYWTXQYIETUR
62,15,0,Fvemmyatmf 5483663 xmjyygautlbjlvv GJBSUPMZIVZYEP
9,1,4,Vniggcypgu 6716603 sqnrbosbztkadfm FLYEBGDLZKJYKU
47,10,3,Trdhsqgfsi 3004747 irjftxfdrctlszv SNLLOIPQKSWNJS
35,12,1,Tddbpsjbqq 1356871 giiootjivztowvc ITIGKKZWKMYUPS
39,19,0,
73,11,1,Uudjkuwckc 1284023 rzcawusytxngsla SKTRXFTKKECSPI
81,10,0,Zgztaiyyqs 1562401 bagkrskimpeoxul JLOZSNNYIDPOBJ
93,5,2,
17,14,4,Lpbqzaltfg 5215063 iyplfxgnfizfhag AQRAIDODLSZOWA
47,18,5,Vkqbtsyczq 7567873 ujuztihmgpoaand VDQXRDPSGLZNIW
72,20,1,
55,11,3,Orxedepvro 5029310 xrriwhmcmyuugjy ASHLGEBRXIGOJT
70,2,0,Tqyhqqxtal 7089744 nxpjykuvjswnfko KPARYSDLHQRKZE
30,17,1,Zpqahyxvpt 6120402 ykeoogmbqbpssxy GRHXZOCCZAKCHF
38,2,1,Ytxztqdpom 9930766 zeayafhzcmucbql CBRFFTQIVYCLMI
22,16,0,Tvmpsugyxn 2468127 ngvwoiqhuncddzi BQYBDAKDAGDYBS
29,5,1,Ivvvoxhqrn 0192442 anxjuyweeoaabri QVFOEGSVDUCGLX
71,10,3,Tsksirklkm 1083151 fdvhkqiurhwhcte CVRUTIYBJIQZIC
90,5,0,Rpvxavpaph 7578465 cbujmzvelievaxb AGEBJWYFSXSAKF
17,3,1,Lpwacoexzm 0823150 bmdvgqoaiunsrrw EOUAMGADQLJNQB
26,12,0,Ogxsjwzwgg 9379736 xxjutsqpqjjcqhb YNJUMROUAWBUYP
71,16,2,Uwnjezezte 5847527 ayeittbntedrfrv QCTVCMSGDBOJFB
17,13,4,Yqfpqfsbda 3159378 jkmjvhnungvcdvz ZKVWIBUCRPRLCY
24,4,2,Decqrykyud 5414724 oyjgrbdffholaxh KBXVIIKTTLYTYY
5,17,3,Tmgnjbzzqv 8046368 uywheiopdomshfd DXTIUHVOVICZAG
41,6,1,Nsiywodmfr 6698988 rargghbciopdvfb IGCGQUOVERYXMV
97,3,2,Rgxpjldkcr 2245699 ypbpaddligchjaq FIPUIPWHJXSZCY
10,4,4,Njolupzgax 4152211 tsuftxpsmvawyum FNVFDSMYQIVTAS
81,14,2,Kjskzuvdgo 6568080 uadhmuujwwtkkca TRLEZNFLAWUHZH
100,18,1,Jfppttktnw 9427271 ehmuxuovijtqcva ATRVXWVPVXVHWN
87,13,3,Kslvshaexe 4149823 aecgmkbwzllvmuv JXEWMKYLKQGXYE
45,9,3,Ctwlekwyvw 3071628 qxspopxrrqdnpka GCTCFKNRPQYHHC
93,6,3,Bdkebogxdk 4002696 dxfvnasjlfefagd OZVENCKICVWSAC
86,5,1,Whmaytproo 2710604 joubiuuyudocfcv NNUJBMBJLLHSIF
82,1,2,Iavbkigkpe 6380813 rjgmaxcrofgatzk IOWAKTIWEPYOVZ
79,10,2,Nqawxjqwfo 6294227 oantbuzlnpxedzy GRVHKRMTQXWPHV
75,10,5,Ktgrfwhbqd 3128060 bvlujlckkthmdpn DUDKMPLAOVKIHP
4,8,2,Mrdmkfnpvz 8700355 negrbkuuhvszerk GHHTPQJWBBIWGD
86,11,3,Xnnovekpyy 5986638 xbclggqugfxzoca RBCLEBMPUWGKEC
52,11,1,Jgvmdwzoch 5476009 evbvcigqyvcmkag THHXCJYTNJPCAH
28,15,5,Cfplsajtyh 2656297 aitowehmtbgflhm UOCVTKJLKGJSWW
49,2,3,Pkkzgwbdzr 1333688 xyrmrmfjgtuhnfn OAVTSJGDOCZBWC
62,12,3,Bxuooqwjxi 8483586 hzjxohsjsqjyicx WJSFIJBKRSKSCA
47,19,5,Oycxbhcvmz 7175481 jcwyorgdnuziqab PVVDASXDNDVQLB
100,7,1,Yaoglwifvb 7533073 dpwjrmwqwankidl LNEJCIGFIHPQJD
86,2,3,Iakrgudyps 4148203 fqkbcbxhagqqdqe MAIQBTPNUHUMQG
20,20,0,Cjmlnjkcat 0131859 odwutjxjxwamqav FMGRFDLPCBEFFQ
76,16,2,Uxwlubpcns 4931987 miqbapgnihxaqph UWYSWLNSOMYRUU
32,19,4,Zcsmaeepew 0635738 cxfdyvzcocbrwul RFYKVNZTCSKKTP
23,16,1,Wtzvdtkmfd 7425748 atsbgqfmgcligbf IWWELAQGHAUYEU
21,2,5,Bxdsxsgpma 8598868 jzrvvbrjlvinwkl RYQJXMOLJJVSAI
94,10,4,Hrrgfbjpst 8745970 kliqadlwqpzeznt NZMXHGRYDRFUXE
98,13,2,Dqzhzwwker 3499585 pvgvgbkzkulvafw QMNLJKLFGFSGIQ
44,5,2,Alvckdhsnx 5208193 doahoifkoebrxon ZHCELNRYSKKPKC
49,3,5,Zmwrvihkil 6231317 aeubrvpggomizlp EAJPKONXREVNTE
68,3,2,Nefnskwlwv 0099657 sqeztltdmdviugy HBSPJEKLLDQYIC
16,10,0,Mqwqjsfipq 7926258 cwdafecfnjtgbix LSKHOVNIDIDMAK
23,16,2,
1,7,4,Otxsepxkrz 7631257 ueawitamqkscxoc NQCVMYZRUXMGXF
39,3,4,Vkqshwtyzy 4690560 uwmnwktvokqdyoe ASSEHVNRQYVBRU
31,2,2,Emsfmqekms 2673150 zoxwksnagbsganc VJZWXNPRFVZZPE
52,14,5,Yhaivufjox 2099494 xzpicsygjjmsklg YXLVYOYBNUBQGH
10,14,2,Prypaygnel 6047145 fsxquoriwwwijtg JCMTZMTMQLPFYJ
4,17,4,Xpyfnfntfl 7219794 hidcpfsmigicric OGSBBGNMQFTIFD
72,1,2,Etcincfouu 6025681 awxybdezynkjjly BKWXOAVDXPDHOI
48,2,2,Jutymyxusq 3289780 barlvtgmgmfhiuv GYWNYYHUMXDDTZ
31,4,0,
11,11,3,Cqarfflvoe 8891747 tviwcbrejnkrkyb XKOHFGCOEXQWTZ
41,12,1,Znoxvcpdqk 4993022 oowdwzrrvxumsqv BEIFMTIPGBOQAZ
62,9,0,Iwbjquhgjx 3093826 ecvjfufwakfbflp VJNVJEXFUCYNRU
9,2,2,Kctqjoxkot 9743032 uocwpeljblosvze TRECCEVKEUKIGO
69,12,3,Bcyttbvtvn 4702632 umyfcuignwgoyua JPRERMMKPCATSR
53,15,5,Juacsxmbel 0365924 fpkimmpcpknfemj KCFPLVNLZOGDGK
47,11,5,Nzmfbmgyib 0439984 nmkcydbixmrmgoe WXEWOKRQIWQCHL
78,11,4,Jlvomdqknb 9000632 jsopmxtxbrihaxt MXTFBEVJESNUOW
56,8,5,Inglandomd 1533231 gjgjwuykymnmihx TAJOYEVOEHHJHD
66,19,0,Xnozzapkkc 9825554 lvdgavguyplxhyf JHMIRKVOYLDOCO
1,2,5,Mcuhuqmmjv 5662350 iubxtyeourcodrt RYYXKMFKDQDRYS
84,10,2,Ntzpamcalf 5360367 qaznzlrzdsbccff MRPJSGOBLURWZN
81,5,0,Nqkmttobcw 1257609 rlxelqffksnetlz BXHUSPKENYAOGC
15,3,4,Srijcnugfr 7549396 muaxbshowoqrjzq VSBMBUKXDJZWUH
24,15,1,Fweaanwxgi 2455854 omxyoomkvzxcyqq XWBYPHASMGSRGH
3,4,0,Wfnllixdke 3540779 gyjzjqczmagxqsj JBIHQFKVJODHHU
86,8,1,Dijksotlhh 4323161 lxgstfhssskpbtg CJNWMXWPUEBWLK
16,6,1,Zmupfofaec 6587813 mbqptqknxtlpdxx NEUAXREXVXOXJT
54,15,5,Mkckzgzwog 0054897 frfpquomjrtuuzc SCOLXFTQTSIATZ
96,7,1,Cxelcwitsg 2205557 kjfzfzprnnckuvg OTSCIAIYYOVEVU
61,12,2,Ytxctxdrdd 9755107 eqkivutdzkkmesm RNCKRIYRTFHQAN
16,14,4,Nwlwkuivjt 8342018 bxgfrgnpqayekxr EHKGXFJQUJTVJQ
52,15,0,Fanywidwkl 3270499 qllvcijijyykvji MUFORSPYHADASM
24,14,3,Zgkraakzoq 5377491 hxoojoqxcjssupj LNSSFCQPWACIPH
13,15,2,Sdkykdwdrt 9057462 hkkgyqvcnwqchwj OOALKSGPAGQFOJ
18,8,3,Sddwbugymr 1269256 zikcitlzzkkkoly OJEIDGDBQQJXYB
29,20,4,Ngdisybrpc 8042615 tqokkxmrajbzvme XGXLGIQCTAACHB
80,11,1,Wgnkyimule 1082530 apbujwjrbcojumh ZKQPVGAVRGDVVC
53,4,1,Trracdgnid 0615633 oduxehdkzueoora GIXHPWUBXKXZPK
37,16,1,Zrbpubaqvx 2416525 luvfzfpzxvbvvhd TOOZEEJKDKKXKY
56,5,0,Ahtykgbega 5217830 gjwgnhnastnqipn WKINQYVJIAAZJV
100,1,5,Fhfxbozdbt 9777132 rcsvsekqsrbvchu VXRUOVHDAQGLAU
1,4,0,Mhrjfkohbj 3963730 olcnzohafehdlsa ZNSEDEHWDTQCBV
68,18,1,
32,20,3,
77,10,3,Cvfuttxpwn 3737213 upjwluiisnkxupe WNJMRYZXWEJFDV
22,3,3,Cpkwqgccfo 0754000 zeavzpdbzyfnrnz AYOYVOLSLQHIHJ
26,15,3,Urkwdxvajm 5455410 sfyvojugxluwfty ZTXZTUVARZPCEG
42,14,3,Ppohbxenyb 4731035 ztgetwbpiyytvfz CPWQHPUQWVEYYH
37,12,5,Dgqidmnmgp 3881542 ajumjxyzusfsxuc KDPPXVIOTSWGKX
2,12,1,Ifykkxbmyz 8234081 hurvrwidxunwsnv JEAKTMKZGAGMBI
3,4,4,Pdhqjrnlfy 3341506 uqouznolhmfwxrq TQFEQTOEKOEYAZ
19,2,1,Kpznologrv 7466831 irxoydbhufngzao TSHTYTOCSEXWHV
83,19,3,Aopeagvnhl 8447445 pcpsklorduixmvj CLFPKJWUOMZXWA
30,13,0,Fwyppqyzwd 2170793 rosbkuyymhnuedo JQIDNFFFNIEMNQ
54,4,1,Rywxqwlfky 8676402 zrrtkfzuzvlblee WKAINDNHVGWLNZ
95,18,0,Rbiczickjk 3218627 rgbwfbeniiasxji ICKBGWQUVUSDVY
48,14,2,Lhwpoapocw 6701243 jxxbqableodonio DGAELFRUVHWXHL
37,13,1,Qlkmfuqtwz 5595115 utspoezitigxepf YYGIXLEBIZYZML
49,7,1,Sjditlyqba 4525294 ceypfrrjpkvywrh IEBAXTQUUWPYFZ
46,18,2,Srrpatuexn 9434611 xbsazyltemyeeqk BUQSIURQSIEVDE
52,2,5,Qrzvercdsy 0757218 wselcrqibyqmmwq CZPJKKMBPMSHQI
50,20,1,Aagqbtssws 1216232 duljpxerntdyyoc DQJZNGRCMEUNID
77,10,3,Prfmgdtmwq 5164848 ztpphzhhfkfxfel ZOSDAJPDJAYUPD
1,17,2,Jckbotxrxr 8429408 jmznerxlcmmgryy HIVJYZKCXDTBUW
43,3,5,Jkyejmvezj 9161355 jogchimnluhoayd MBENYBEHIAVBYK
90,13,2,Wglwrffvip 6380286 jggfeyxrzueomif HJMBBQOITWOYCJ
54,16,2,Eiiljdfkva 7673149 cdnajduzrfsvifn UFXCMQGYILMOHX
43,2,1,Iomzgsbgnp 6062606 rbsbpanpzoarbok VTWYKXALIXYQRL
37,20,2,Jvpploxunx 3070279 kowadyofgifzqro WRQFSBNRUKDCWO
72,12,4,Eqmbrapobn 1869202 bimmhlspnyysxwg RBFXGFRLIVLUOP
18,5,3,Gkioxzwyha 3301565 tyjgganqydtqqhc HDUZJRHJODMOKE
3,14,2,Uwsfqhpgsn 5230483 jhtlphudjrlcskn BVXMBSEWRRJDIB
77,15,3,Xqzhzsoxoh 8377257 shwiassrhomydot LMMGGPPRFOBRHD
10,11,5,Dxciozexfd 9331122 gklatkzivmcfqcn YJLVRVUQCXWNWE
45,16,4,Sgpjokpgow 4627373 iipmqjnlyerrgar BQASMWJQGTYECO
8,7,1,Ddsxbmfbne 0913442 wphaxspxliptsmd GNMQGAFPEWLGVM
64,1,2,Qlwnftvbqo 0562059 rdqrgylzuqrryth UDPQFRORMIXIEK
22,6,5,Kincjzwsju 8897120 nxtbiymgeqqmgou VNVQVFAOWJKJET
79,6,2,Dpebajfraz 5800546 sivgfowknxhslxr OMASNUJNVMHPBB
22,17,1,Otuxgdutbz 2411957 hnmlymwwwahdcui YKFPQFLZTQYVIW
85,9,4,Wfddvnesyk 7360851 cxazcnnykrwxkjy VEHWVOBJYVFMOH
27,19,1,Yxshxleowi 0219402 cnwcualguxrspfc MYILIZVABMUBHF
72,15,4,Fntzrhlrrm 1426164 jvczyvewkvnyawt XVSZRKACOHMRBR
15,13,0,Hobdgjxqqi 7679624 mahpqrtefckchnh WKTHHWHLKGHOCA
100,9,2,Sihlavuwqh 0492043 mnhnkndtimzafym VZJQQYAUGARPNC
23,20,2,Mpqohckenl 9741370 tagipqaldxydicm NGEZUWMYVZYUKR
17,12,4,Vvmkzaybcw 5558417 riixqlfjrlutepg MTDUJIWXPYAVTU
70,9,1,Tgjqobgmxd 1360251 ecoigtuoukjbymx EUNTCXGFBNWREC
95,16,2,Fphcswhnmb 9003738 ttiogdithrslevc LKEIJVSLUAXZEV
70,19,1,Lxlatcxfln 7016673 sizggmfoduqicga MFWRCRYZPRXWMO
21,9,3,Gngmwsokud 3809957 ltrxvqdwperjeqj HEOPWDUHCBHBTG
37,18,0,Mmvvsnizss 2202718 fpybykugbjlqiiu WCYURSRBETMBIQ
2,5,3,Lynojzmqwj 3419024 uhofmwuyushofmc BNUNECPGAYIMFV
6,9,1,Mnmjmxmbmi 8289493 bsgxsamrzbueufg SWUAVFQYCAUCKD
14,15,5,Ouluusovqh 8684657 ecrqmhkrgjaxieb OSCMMJFHKCQCWP
30,5,3,Xmesgnaanw 2676483 fubqmdrxjqqybny VEUCKMEZHEFJTL
2,11,2,Aahpowdrey 6949561 uwklmggqwepjbos MMTEPAQNLDPEOL
55,20,0,Kouwwnzrrl 1187216 cfwndwigdraikxe GKURLWCERSOCES
64,15,2,Qoypqsafak 3845774 lphkoqryesxvyks UYCZIBUTTUVLVI
81,19,3,Kxbapaxoug 7939697 evqsawkuobrsfrn LPKYVNRVUAAWAY
32,10,2,Uyeukhadjs 5543737 abyafidjfgwdfko CKKHLBZWWGPZNF
19,3,3,Ufugmtseem 2307898 zzmisxkmnnaabvk EKMUYEIQITIVUE
1,2,2,Jbglkwxrpr 3404470 ovhkgrfomtfapdw NZUERRSIDYGYWJ
35,14,3,Yxwlkximbr 5144323 ytnldydtgrwmpdw DLVIAJGAYTXVDH
18,20,1,Bhrjcwvwdt 9435498 oatwryfcjawrcng DXCVDPQBRDMNOE
